col,chosen,rmse_knn,rmse_mice_elastic
Sclera.1_microct,knn,0.6294735567989792,1.1586393087263844
Choroid.1_microct,knn,0.7378870887209248,0.9984276599404572
Pigment Layer.1_microct,knn,0.6192666269742214,1.4748491298773607
Retina.1_microct,knn,0.11861988194424547,0.3698972871865587
Right-left_microct,mice_elastic,0.13435997982820846,0.05516349127551776
Ant-Post.1_microct,knn,1.01228057935354,1.0549023988472581
Sclera_microct,mice_elastic,0.5432713646918481,0.35260997078446304
Choroid_microct,knn,0.1619181352482424,0.5345468039971221
Pigment Layer_microct,knn,0.28000308545044794,1.0397098620165033
Retina_microct,mice_elastic,0.47248517596439354,0.461085874698695
Ant-Post_microct,knn,1.2959774854033537,1.5303835607899663
Sup-Inf_microct,mice_elastic,,
E9Q6F9,mice_elastic,,
E9PUX1,mice_elastic,,
Q3UC73,mice_elastic,0.9128981162220979,0.378525753565623
A2AS33,mice_elastic,1.1788042640699037,1.04620402135129
A0A140LJJ8,mice_elastic,1.9327956661386287,1.0089256238047397
Q544D2,knn,0.4081996976210568,0.41499340684610897
A2AST1,mice_elastic,,
H3BJG3,mice_elastic,1.2274794463986158,1.2117272801813428
Q9U410,mice_elastic,,
Q9D4F2,mice_elastic,0.7825443895977812,0.10072328764231031
Q3U6Y0,mice_elastic,,
Q9QZD4,mice_elastic,,
Q3TXW4,mice_elastic,,
Q9CTG7,mice_elastic,1.161701036412294,0.8836468989490177
D3Z286,knn,0.40765564114102926,1.1970637855080608
Q4FJX7,knn,0.8337542573493154,2.620224375138474
Q6NSQ9,mice_elastic,1.3660184184136366,1.0557376240837306
A0A0A0MQ97,mice_elastic,,
E9Q109,knn,0.6614053340682021,1.1107679028972544
Q3TR19,mice_elastic,1.0894604334297493,0.893895355319926
A0A0G2JG60,mice_elastic,,
A0A087WRL8,knn,0.6219364349352433,3.5899132294009672
Q3TFI4,mice_elastic,0.13781278916406353,0.08819672024370033
Q91XH7,mice_elastic,,
B7ZNK8,mice_elastic,,
Q6DFV6,mice_elastic,,
B1AUE5,mice_elastic,,
Q3U1W7,mice_elastic,,
Q99L48,mice_elastic,1.788739265909502,0.3194954653935923
A0A286YDF2,mice_elastic,,
M0QWA7,knn,0.7637264172421612,1.3311234049220844
Q5SWW4,mice_elastic,,
Q3UXI0,mice_elastic,1.2457230207598535,0.13644204452379977
B2KF52,mice_elastic,,
Q5DU39,knn,0.9568552407941868,2.925686202346645
Q8C1W2,knn,0.6576854682061096,1.2824161569757113
Q545V6,mice_elastic,,
Q14BY7,mice_elastic,0.034170695816238564,0.03121807009277459
Q14BB8,mice_elastic,2.5881091515911843,1.7281246093289078
B2RWR4,knn,1.6786853226429108,2.1557832435615234
Q3US82,knn,1.9724294355347671,2.376622421568978
Q6ZQC1,knn,0.8687293719645658,2.02000439497002
Q8R5A6,mice_elastic,0.9673397121701928,0.6703622542595363
Q8K443,mice_elastic,0.935933379119535,0.7295695038971026
Q9CPW9,knn,0.09422350940166405,2.9076273247043822
Q52KE7,knn,1.1010148842224925,1.9309841998575592
A0A171EBL2,mice_elastic,0.8351029851790186,0.49840314927753954
Q9CT83,mice_elastic,1.7975921350943032,1.394534095902092
Q8BXK9,knn,0.45596757941713284,2.4757792665451896
B9EHX4,mice_elastic,1.555751169903841,0.9082103587937786
Q9D1C2,knn,1.2798738393524849,1.8048167701515336
H3BJY1,mice_elastic,0.4186613716634989,0.391568259869809
D3Z641,mice_elastic,1.6386497422017974,1.4087703773536333
F6WQ99,mice_elastic,,
Q3UGG9,knn,0.4416338689626322,0.5864843366997243
B7ZMZ2,knn,0.9447928633160793,2.6981265064324287
Q9CQH8,knn,1.8216660041834014,2.974919417970387
Q3V1T9,knn,1.430051807876026,1.6228758434280275
Q91VJ2,knn,3.904875932523454,4.412904284414522
Q8BTE9,knn,0.823789953258226,1.4419406956370417
A0A0G2JES0,mice_elastic,1.1883931431424986,0.667511672623599
Q3TLT5,knn,1.1361176896970608,1.9215624130783644
Q6A0E5,knn,0.44106398259788304,1.8725251837245567
A0A1B0GS08,mice_elastic,,
Q571E4,knn,0.0040729986707800534,0.732733130064775
Q3UJ81,mice_elastic,0.8896320572080194,0.01217805142226446
Q9D952,knn,0.7344136793732978,1.292144930005635
Q8BPZ8,knn,0.8211389225424313,1.8516061738471732
Q9CWJ3,mice_elastic,,
Q8K2P6,knn,1.682865030667377,2.1682763555328477
A2AR99,mice_elastic,1.5253445762175641,1.217604798911993
Q5U471,knn,0.8018408082516996,0.9901598139083794
P83503,knn,1.3827107414318567,1.5653950552697915
A0PJ57,knn,0.1991795339235762,0.26790203007684854
Q9WTR1,mice_elastic,1.8539680040062334,1.8153461064279135
Q3TI70,knn,0.3619847502791229,0.7256875556202702
Q8K1H7,mice_elastic,,
Q497H0,mice_elastic,0.49435874221747655,0.24225181351264818
Q0VGU4,knn,0.3008883979287541,1.0550339786065956
E9PX23,mice_elastic,,
Q8R3V2,mice_elastic,1.2800077121849518,1.2145923425972396
Q3U3K5,mice_elastic,,
Q9D4J1,knn,1.2192825247366825,2.074822423654174
Q3UFM5,knn,1.0208476288104498,1.3367423685384616
A0A0J9YVF6,mice_elastic,,
Q8BNK8,knn,0.21494860012700254,0.6941136003048112
Q920D3,mice_elastic,0.7679038900845114,0.550292940938746
D5MR34,mice_elastic,0.9204524592391432,0.8948042126847491
F7D291,knn,0.13325815899814367,0.5478643137766901
B0V2M9,knn,0.05854943048416267,0.5810116082370964
Q3US73,knn,0.15934944194683412,1.1082933153169965
P60882,mice_elastic,,
Q3TLH2,mice_elastic,,
Q14A93,mice_elastic,1.3326346073063275,1.077180259604869
A0A158RFV3,knn,1.132162450573439,1.3730250033435782
Q91V83,mice_elastic,1.5823441300899859,0.953012868899367
E9PW15,knn,1.3488763091422336,1.806711456059143
P23949,knn,1.1190578123890786,1.2037014953350416
Q9D8T3,knn,0.818306284573578,2.1367087691074915
Q8BWP8,knn,0.24315689668614213,0.8958718157921172
H3BIV6,mice_elastic,1.118241933777297,1.0755650389386773
Q3TRZ4,knn,0.07787245072203856,0.8394553757237031
Q8K1C9,mice_elastic,0.6052303413671747,0.3420126045065548
A0A0A6YWV1,knn,0.4942257235178876,0.8665470726069461
Q3UYI4,mice_elastic,,
D3Z4E3,mice_elastic,1.0108537875180026,0.09144347709325053
Q8BKE5,mice_elastic,1.2207936841687326,0.6801157507882127
B2RSY3,mice_elastic,0.8618856381781128,0.46044516604773633
A0A0N4SUM3,mice_elastic,0.9669053884217108,0.23423737822607515
Q920P3,knn,1.060070700291065,1.310984888579187
Q5FWA0,mice_elastic,1.3441030272097292,0.632596698745468
Q3TYS2,mice_elastic,,
Q8BRK8,knn,0.5680859593992815,0.6282471212539897
B9EK90,mice_elastic,,
Q9JIB0,mice_elastic,,
Q8R1W9,knn,0.2504672615412025,1.3332056562871073
E9PZ64,knn,0.5569254978194657,0.6855298139752517
Q9DBT3,mice_elastic,,
F6U9F5,knn,2.5019737852734454,4.0508750200196175
Q3UL29,mice_elastic,,
H3BKV8,knn,0.786570549872595,1.3296959846616443
Q8BPB5,mice_elastic,2.6180554604275663,1.7470251216303332
Q8R5G0,mice_elastic,,
G3UX58,mice_elastic,0.9709225175197951,0.47604141068315775
Q3TAW5,mice_elastic,,
Q149E6,knn,1.467233870141097,1.5170453070459176
A6H6H9,knn,0.47271386702763124,3.3765233169136004
Q8VDV8,knn,0.9572877089618922,1.0157318046378965
O35443,mice_elastic,,
Q8C094,mice_elastic,,
Q6YIY0,mice_elastic,,
A0A0R4J1C0,knn,0.8502060520927339,2.233045934694479
E9Q7F2,mice_elastic,,
Q9JJT0,mice_elastic,1.1515823860788201,0.8870299440533892
Q8K4K1,knn,0.27923092720103215,1.5515639582156555
Q8C660,knn,0.6930115553355644,1.2699957254530727
Q9EST1,mice_elastic,2.881121337510414,1.7146993353376394
A9Q751,knn,0.617921021651605,1.2401268349123606
A0A1L1ST53,mice_elastic,,
Q3UHH6,mice_elastic,,
Q3UNZ8,knn,0.9302177329305477,2.1748553757561595
Q05C53,knn,0.7756161692957424,1.8585884450120536
Q91WM0,knn,0.12326768085876069,1.4149534381059388
Q9DBH3,mice_elastic,,
Q3TC98,mice_elastic,0.24916797032021157,0.06378281343705483
A0A1B0GRH7,mice_elastic,,
D3YWV5,knn,1.7704437895703034,1.8194458433814293
Q6A037,knn,0.6694479187240473,0.8533187200540304
A0A0A6YY33,knn,0.5652814455013013,0.6259085644882726
D6RGB6,mice_elastic,0.7487448469595415,0.7098877911914099
O88492,knn,0.12028009395797233,0.6717360341899603
A0A0R4J0I6,knn,0.8487224110779193,1.4797397073675047
Q9DB28,mice_elastic,1.5796342248519677,1.0851065836392302
Q9D8Z6,mice_elastic,,
O35607,knn,1.4286843716030548,2.2928302014771833
Q60805,knn,0.8073782831135657,3.188195396374914
Q9R0H2,mice_elastic,1.8797769029116878,1.625891222850636
Q99M09,mice_elastic,,
Q80YQ8,knn,1.2669660887156304,1.6361279493289376
Q5SQM0,mice_elastic,,
Q3ZB59,knn,2.29246558659004,3.158787153857738
Q9DC22,mice_elastic,,
P62509,mice_elastic,2.2952649429864205,2.159123666583019
Q6P9Q4,knn,0.37628036453424046,0.7902696271921974
Q3TGY1,knn,0.9152933095295954,1.543313803565656
G3UY06,knn,0.8107441548127939,1.0707613868478856
Q8CA98,knn,0.5619799789419216,0.9534115696489053
Q6P3Z3,mice_elastic,0.3568280180188324,0.0034769157386953862
G5E8Z6,mice_elastic,,
A0A286YCW8,mice_elastic,,
Q8VDG5,mice_elastic,,
Q3LAC4,mice_elastic,0.9716213287600661,0.8556004174237608
Q2QI47,mice_elastic,1.3958250392183271,0.618673170866089
Q8C9M6,mice_elastic,0.7105307860358261,0.21077487375510087
Q3UC32,mice_elastic,1.5548478133358679,1.4913833342129137
A0A0R4J0J5,knn,0.6455923622171712,1.734349176818965
I3PQW8,knn,1.918992551765541,2.1147938850069523
Q9EPB9,mice_elastic,,
Q3UK33,knn,0.32046751416084673,0.7729979440292413
Q8BGS3,mice_elastic,,
Q08189,mice_elastic,,
E9QMU3,knn,1.2063243865203725,2.4274479659284203
Q3ULB9,mice_elastic,0.5383904104156902,0.2525645752932214
G3XA09,mice_elastic,,
A0A0A0MQN1,knn,1.0284808614908572,1.3369783445033425
H7BWY8,knn,0.3502356620100563,1.3932052380380622
Q05DT2,mice_elastic,,
Q8BST8,mice_elastic,,
Q9JJV5,mice_elastic,1.5460326722844318,0.7457922959113491
Q91ZQ5,knn,1.0556891995115893,3.6724093582284296
Q69Z98,mice_elastic,,
B2RTJ2,knn,0.25492232290506,1.6202507989476527
F8VQE2,mice_elastic,0.78193701441914,0.3446957969436618
G3X983,knn,0.35821463496560074,0.40640647910885275
J7PDL1,mice_elastic,0.08487479165805356,0.059015630603152944
A2AJW4,mice_elastic,,
Q8BN59,mice_elastic,,
B2RXC6,mice_elastic,,
Q9WUB0,mice_elastic,,
Q3TNY4,mice_elastic,,
A0A0G2JG32,mice_elastic,0.6264693205965688,0.3794769515187144
E9QPH0,knn,1.8029664802946512,2.06565329015911
Q543E2,mice_elastic,,
Q9DCA5,knn,1.835236273837524,3.212636539148197
Q8BSJ0,mice_elastic,,
Q8BGF7,knn,0.16558651024574272,0.4043235924675531
Q80Y48,mice_elastic,1.788897292392467,1.0539351649193083
Q8CII2,mice_elastic,,
Q8R1Q7,knn,0.5629283244287735,4.331916733975307
B2RQ11,knn,2.3795094150103018,2.725098183382677
Q8C436,mice_elastic,,
A2ALM3,mice_elastic,,
Q4VBE6,mice_elastic,3.0622555308208512,2.6057820139402414
Q64152,mice_elastic,,
O88834,mice_elastic,1.6747815995103599,1.6696981206211208
Q9Z0M3,knn,0.48102192096397506,1.4455429917047529
B9EKB8,mice_elastic,,
Q9D136,mice_elastic,2.0294151002400684,1.2359816857615387
Q3UZV9,knn,1.5389043533214537,1.5671181142730606
Q1WWL0,knn,0.4019857521530717,0.8735420176877182
E9QLQ9,mice_elastic,,
F6YPG3,knn,0.9644591582548588,1.5106885711066218
G3UVV3,mice_elastic,1.7382906201780108,0.5627464360034266
Q3U2P3,knn,0.4824477856156012,1.0771658763189753
Q66JR0,mice_elastic,1.2608721961190958,0.9021405035001373
Q8VE85,mice_elastic,,
A0A286YE25,knn,1.0716082935941007,2.589621028235346
A0A087WSR1,knn,0.5037256379407938,0.9260712916898844
E9PUE1,knn,0.34461004213470076,0.6021963594844241
Q3TIJ1,mice_elastic,,
B7ZWM8,knn,0.6259470747816922,1.0669829478418902
Q05BG3,mice_elastic,1.9964198175846362,1.1155868534675455
D3YZG8,mice_elastic,,
P97952,knn,0.29496905338080354,1.232205267092235
A2A9C3,knn,1.485541761389885,1.699333438593613
Q05BF9,mice_elastic,,
Q8BVR8,mice_elastic,0.83378516888658,0.5773331075873644
F8WJ43,mice_elastic,,
Q3UQF1,knn,2.1226377198900392,2.294768726629818
A0A0U1RQ37,mice_elastic,2.132221306907018,1.4488782781842167
Q8K330,knn,1.4228770294343642,4.068215983185377
A0A0D4BT98,mice_elastic,0.30238322208736196,0.23970024309355784
Q3UWC4,knn,0.3312328644691935,0.8193802693128808
J3QK13,mice_elastic,,
A0A087WQX0,knn,0.8823726238616675,1.5797303907949216
D3Z5I7,mice_elastic,0.17783678509868667,0.03459499427850483
A0A0U1RPD5,knn,1.1366344108992716,1.413772575330089
Q8VCR3,knn,0.09493516592249998,1.2484910897211847
G3UWD8,mice_elastic,,
Q8R0L9,mice_elastic,,
I6L990,knn,0.7437345875009198,0.8793655688275003
D6RFC4,mice_elastic,1.5258927827271507,0.17191066360363344
Q9WTZ8,mice_elastic,,
D3Z017,mice_elastic,,
E9PWD3,knn,0.25380302243022085,0.8622594876714085
Q05BM5,knn,0.2546676041439432,1.3314898589567075
E9QJT2,knn,0.490795527813477,1.387214734927514
Q6P3A8,knn,0.15385123522474095,1.0806080064596106
Q54AJ1,mice_elastic,0.5438894045558107,0.3107303598452541
B2RUH2,mice_elastic,,
Q9Z0V2,knn,0.5677528641568078,0.9238161067782226
Q99PU7,knn,0.1755720563194433,0.58102302994541
Q3TMD4,mice_elastic,,
Q0PD10,mice_elastic,,
Q8BUZ9,knn,0.15621679773061165,0.9126942696070689
Q3UFY8,mice_elastic,1.4501463233870227,0.9881072748658647
Q9CZ62,knn,1.1839516473844354,1.8763335407411583
A0A2I3BRU5,mice_elastic,1.880981387279022,1.3821489746592845
Q5HZG7,knn,0.05690173203208997,0.2733820149227407
Q3TAM9,knn,0.45967016684807377,0.7761586494213571
Q3U438,knn,0.04588227825529997,0.6275758777999907
A0A140LI67,knn,0.06376181168301341,0.7829798567111719
Q505B0,knn,0.5888400240469035,1.2667757625596923
Q3U5C7,mice_elastic,0.6935164479689133,0.5261957573835566
Q9D8A8,knn,0.48310756701344015,2.696753665384899
Q8C790,mice_elastic,0.4878138239427123,0.18983868332447973
Q3UET8,knn,1.7591334479759557,2.0174115653956783
Q5SYD0,knn,2.0226720059980496,2.5362933753927397
P13542,mice_elastic,,
A0A087WQ61,knn,2.506247401533854,4.975371353036884
Q9DAT5,mice_elastic,,
Q3U3C7,knn,0.25101609830696986,2.804865338381436
Q9R1C0,mice_elastic,2.999770405979736,2.7922375604759138
Q9D6K5,knn,1.0459694411951306,3.1726672247810477
A0A0M3HEP3,knn,0.27000235167742365,0.5541247663761366
Q9CQX0,mice_elastic,,
Q8BK99,mice_elastic,,
F6SUV7,knn,1.5936977524340332,2.2578865505225134
F6Q269,mice_elastic,0.3187258257918414,0.06814841420690174
A0A0R4J0L8,knn,1.375664894206222,1.5755810629567917
Z4YL92,knn,2.033676875596568,2.1516862300085418
Q80VE5,knn,1.3892489486995083,2.5495759846504695
Q8BY46,mice_elastic,,
Q9DBE9,mice_elastic,0.9446812058917283,0.28650749344385273
P47968,mice_elastic,0.7936623915677037,0.7734156605371465
Q9D2Q8,mice_elastic,,
Q9D757,knn,0.4213649063485904,1.2881318397490895
P53368,mice_elastic,,
Q3UGZ2,knn,0.0891105830012499,0.1168949368374413
Q8C1E7,knn,1.1891201100724316,1.6953923645766673
O35738,knn,0.9824537271576639,1.9715327440919403
E0CZA8,knn,0.5363963000433373,0.672574046688132
D3YZW1,mice_elastic,,
Q8VCI7,mice_elastic,,
Q3KNZ1,knn,0.10692235019266545,1.5630307007162942
B2RQ68,knn,1.0687060561816082,1.3814961199329325
A2A4H9,mice_elastic,0.5758799998570554,0.33954527508187293
E9QLB8,mice_elastic,,
Q3V268,knn,0.6404091200694078,1.5612718694888705
Q9CRA2,mice_elastic,,
Q9ES63,knn,1.6050658236602864,4.250304702752059
E9Q944,mice_elastic,0.4158428720071006,0.1286777844183205
D6RE20,mice_elastic,0.586107271013995,0.050603873402164164
Q3UKR1,mice_elastic,0.40676733189079484,0.1882689015851833
Q8BSH3,knn,1.893334171024413,2.1443743568296294
Q8BJL1,knn,1.1552123289083143,1.2787259628447372
Q61001,mice_elastic,0.2410992302115209,0.07559922367942866
Q8K2Q9,mice_elastic,,
Q3UAS5,knn,0.37191503695251055,0.40413108683507093
Q5M8P0,knn,1.1117121242409882,2.048580382672271
G3UX80,knn,1.0697814546264273,1.7190606203566237
A0A286YD87,mice_elastic,1.7737855692278945,0.2393037308960729
Q8BKR5,mice_elastic,,
Q8C5P7,knn,0.09899149051149804,1.8415307174935531
Q99LB4,knn,0.2254308833759016,0.6577590058365065
A2RSP9,knn,0.8019457380459658,2.8251823069561333
Q8CFT2,knn,2.317584366829148,2.6464758938057176
Q6DFZ2,knn,0.8099207255993438,1.33388239421289
Q3TYD6,mice_elastic,1.0600226532508201,0.2559143905039855
Q9D089,mice_elastic,0.6887151684165314,0.15848786829535816
P23953,mice_elastic,1.1222710962032572,0.8276536680489944
Q8K233,mice_elastic,,
Q9D948,mice_elastic,,
Q8BH64,mice_elastic,,
Q9QZX7,mice_elastic,,
Q8CIG3,knn,0.19907823078233824,0.28319947923608974
B7ZWK3,mice_elastic,,
A0A0R4J225,knn,0.8333235266215738,2.2206381436557177
A0A0R4J1N3,mice_elastic,1.8310642691585097,1.270870826304138
Q3U7R4,mice_elastic,1.3079762454508475,0.7124244786734437
A0A0R4J139,mice_elastic,,
Q8R3F7,knn,0.5832185993064072,0.8430464539518285
B2RT41,mice_elastic,0.7990772962579527,0.5767318118211981
A0A1D5RLK6,knn,1.0486881721517312,2.149922308673663
Q91WE3,mice_elastic,,
Q78HW2,mice_elastic,,
Q6PFC5,mice_elastic,1.0779553246840978,0.757741492807188
Q9CX53,mice_elastic,,
E9Q8A3,mice_elastic,,
A0A087WQF0,knn,0.6560252955497318,1.4087112574524647
Q6ZPP3,mice_elastic,1.0126122458806055,0.910018610429446
E9Q150,mice_elastic,1.4204778185266915,0.7868729395268017
P04104,knn,0.24382957443382428,0.43261301580930583
Q9Z0N2,knn,0.7039321882989549,2.0683384124038677
A0A1B0GSK3,mice_elastic,1.3746344273507964,1.063630961880644
D6RET7,mice_elastic,0.5999158987348635,0.5369749540148596
Q3U094,knn,0.9165084085836178,2.2885228813101817
P70444,mice_elastic,0.4406220714046651,0.3261821746944753
Q6NZJ2,knn,1.4869806103503338,2.31954082038521
Q1HL33,knn,0.8655062760285736,1.4432326043429842
P42337,knn,1.5899285847215257,1.6655935063895058
Q5SUW3,mice_elastic,,
G3UZJ3,knn,0.6207088315863221,0.9363796593120256
Q78UK8,mice_elastic,,
Q3TM24,mice_elastic,0.371020193240893,0.341525376631218
Q7TSG1,knn,0.5917961483202507,0.8005629535007811
Q9CWB7,mice_elastic,,
Q9R194,mice_elastic,1.6237191455098714,0.45418244754883147
Q8BUH1,mice_elastic,,
A0A140LHM4,mice_elastic,1.776840133460888,1.3841496223765692
A2AUF7,mice_elastic,,
Q9CQU8,knn,0.8402601741481359,2.202141109727672
B7ZNJ5,knn,3.5090544528846954,3.844396625153472
Q8R5I6,knn,0.5043353172697693,1.0132997669555432
Z4YLI8,mice_elastic,,
A0A0R4J216,mice_elastic,,
Q8BUR3,mice_elastic,1.3457441939663661,1.1106862020326662
Q8BMY3,mice_elastic,,
E9PUA2,mice_elastic,1.4014882953283576,1.077186185729831
E9QKL0,mice_elastic,,
Q8R3K3,knn,0.8508965820923026,0.9845510627883043
D3Z1T2,knn,0.5274239784454392,0.6701448682696683
Q3TB53,mice_elastic,0.304289940142409,0.1461436771101231
A0A0R4J0C0,mice_elastic,,
Q6P549,knn,0.5909504301161848,0.8357036126764894
E9Q7Q7,knn,0.6625731889692169,0.8960920591750892
Q3TQD9,knn,0.20778365748667174,0.7566900916022028
Q3U965,mice_elastic,,
Q07231,knn,0.04467164990778089,1.7499239326944518
Q8BGP6,knn,0.26634659304879277,1.4225314442734085
Q8BUR9,mice_elastic,,
Q8BKP6,knn,3.0059181426621753,7.039111434529613
Q811C8,knn,0.28597991622567187,1.1258652384189105
Q3UHL7,mice_elastic,1.6762358037713803,1.2006618616668592
A2CF80,knn,0.34942294959573705,1.0979437249168307
Q8CJF9,mice_elastic,3.4043302692712025,3.259626847866262
A2AHM2,knn,0.15126861203606526,0.20182546369129817
B9EHP1,mice_elastic,,
Q8BUY8,knn,1.704645304558748,4.470794845889599
Q9DB24,knn,1.0357538049609654,2.1582065223560303
Q9D7H4,mice_elastic,1.011214192874915,0.6585223262621245
P84309,mice_elastic,,
Q3TG10,knn,1.0931197544903146,1.8971191569868093
Q9CQX5,knn,1.8319086616321334,2.7545288253468705
Q9D8C2,mice_elastic,,
Q9JK83,knn,0.6502630062218407,0.7287098390485173
Q8CI62,mice_elastic,,
A3KGA8,knn,0.23812975162897973,1.9097047436292638
F6QKY6,mice_elastic,1.8758513511916548,0.5785213031343723
E9Q717,knn,1.2430672925818913,1.3866273706960357
Q3UHC0,mice_elastic,1.1410952958662826,0.5412034242473865
O54790,mice_elastic,0.20015379943222875,0.014159948908816417
Q3UXM3,knn,0.9920306800171721,1.030682006004129
E9Q5N4,mice_elastic,1.3356466255759678,1.1028730201906438
Q66L71,mice_elastic,,
B2RUJ8,knn,0.19077077643030263,1.1334689234554223
Q91YD3,knn,0.6253992483714453,0.6449366134951517
Q3V453,mice_elastic,0.8035909357026941,0.37176997824313995
D3Z603,knn,0.6945523089065767,0.8335104716991204
Q9D1Y3,mice_elastic,0.9476696558811706,0.05547976515057074
Q3TST6,knn,0.19347561439622435,0.2768879624971961
Q9DC77,knn,3.988567331409574,5.460170751320147
Q3U182,mice_elastic,1.5756373031689155,1.498276543185999
Q8K0U3,mice_elastic,,
Q5SSW2,knn,0.0101216825486974,0.9913211427514024
A0A286YCR9,mice_elastic,0.7995751142725699,0.1432934444508115
F8SLP9,mice_elastic,,
Q8K0U2,knn,1.045019970572734,2.0739467981932838
A2AM70,knn,0.001847663266131058,1.4686589708867224
Q8BNU3,mice_elastic,,
Q78IS1,knn,0.1534198137064076,1.0004971008876617
Q3UQN2,knn,0.7110570807969039,1.1134861947232924
Q9D5J6,mice_elastic,1.9973647149597065,1.2108365316547403
A0A1D5RLV3,knn,0.49018838958957656,0.7339045785060876
Q5SS02,mice_elastic,0.8967439673742987,0.30531176804271865
M0QWN7,mice_elastic,,
Q3U0B3,knn,0.5541460556223005,1.4000089112303884
Q3UBG2,mice_elastic,,
Q8C3S2,knn,1.156538193645117,1.6963971087103535
Q61666,mice_elastic,,
Q80TZ9,knn,2.564519749396694,2.6709999930706463
A0A1Y7VNH4,knn,1.6644984228535302,3.1135713992551555
G8JL74,knn,0.1520671223803217,1.5281878367412156
Q8K2I1,mice_elastic,1.0783013515296895,0.9958656104660852
F6UK66,mice_elastic,,
Q8C851,knn,0.9954151352570373,1.4922163166770557
Q6NSP9,mice_elastic,,
A0A1Y7VMS4,mice_elastic,,
Q9D1C3,mice_elastic,0.6705835978683595,0.12002232843334418
A0A140T8J4,knn,0.2291995134243492,0.5654265355442384
B9EJ29,knn,0.31950360151464996,0.3345880842760622
A0A0R4J293,mice_elastic,0.904111269197233,0.8838477300719292
Q3V471,mice_elastic,1.1516353737426759,1.098715738292864
B7ZNR9,knn,1.0714860759320255,1.575652790988249
A0A286YCW7,mice_elastic,,
Q69ZR9,knn,2.1282900654670596,3.870029651330041
Q9QXJ2,knn,0.2827811027824775,0.6579883754186885
B9EHL3,knn,1.6449413134987991,2.3303711792353456
Q3UVI6,mice_elastic,,
Q8C538,mice_elastic,0.6900553814460908,0.18808861606316082
Q8BSF9,mice_elastic,,
Q3TML3,mice_elastic,0.8327064211458873,0.8173571603551771
Q3TDW2,mice_elastic,,
S4R2K0,mice_elastic,,
A0A1Y7VL28,mice_elastic,0.5293515770683328,0.220725947892966
Q546Q8,mice_elastic,,
Q80U90,knn,1.7955004180935799,2.437117247510232
P24529,knn,0.3651154935104217,0.5382303033049705
Q8BI87,mice_elastic,0.6653782039474417,0.3794966117853022
Q9CR06,mice_elastic,,
Q05DR8,knn,0.47466796538447775,0.9041232681680418
A2AJA9,knn,0.09252090739245124,1.3515579937287414
Q9JI39,knn,0.6577162506665901,1.9093551896930223
Q9D6Z0,mice_elastic,,
P49813,mice_elastic,,
Q3UQH1,mice_elastic,3.504576331518638,2.2678561356407347
O54825,mice_elastic,,
Q78ZC4,mice_elastic,1.779881849781306,1.1056735004403553
O55187,knn,1.336047553105313,1.7119899260128002
A0A0R4J141,knn,3.0048109105982928,3.190523270218493
Q5KU39,knn,0.5757082025446622,0.7129880756681697
P58686,mice_elastic,1.6080423634390326,0.8717721389239748
Q9D1K5,knn,1.4527332520334855,2.9865454549476573
Q8K0E1,mice_elastic,1.5762291794923524,0.2936557328731981
O35671,mice_elastic,1.0931277914916815,0.8457822900087858
O35445,knn,1.9013727388858142,2.636171509192638
Q99N91,mice_elastic,,
Q32NY4,mice_elastic,0.2690010988212163,0.1786414280013021
P55850,mice_elastic,1.0675247256561693,0.6075560701648358
Q6PI88,knn,0.375869387973121,0.5295835171638742
Q6DIB5,mice_elastic,,
Q3UIM5,knn,0.880200279985696,0.9327248184728141
Q9Z2E4,mice_elastic,,
A0A0U1RP94,mice_elastic,0.9423482053335145,0.6350223350544107
Q8K2W0,knn,0.7829676824805276,0.7903456942947188
Q3UDR8,mice_elastic,,
Q8BGB5,mice_elastic,,
Q9CZS1,mice_elastic,0.6601643990256633,0.08599028387284836
E0CZ61,mice_elastic,1.188133540988006,1.001684467911119
Q8BIP0,mice_elastic,1.4190271414357232,1.315054495680031
Q9CXJ1,knn,1.8008336372934923,2.1173738473844965
A0A286YD80,knn,1.7447568137975495,2.079937968714117
E9QJU8,mice_elastic,,
A2A9C8,knn,2.295818587395628,2.8239713093216863
Q3TAL2,mice_elastic,,
A0A0A6YX40,knn,0.6869959983188385,0.7868569069054562
Q3TBZ6,mice_elastic,1.0555821193750878,0.810123586209885
Q4FJK3,mice_elastic,0.5605786303212796,0.5011866026387523
H7BX46,mice_elastic,0.9307206861690644,0.1634113135275207
G5E8A7,mice_elastic,0.49774941173303705,0.3552579732583938
P63141,knn,0.8417913170716641,1.3701088319855381
Q8K3W3,knn,0.9089044477316487,3.937406723685526
Q91VT8,knn,0.1822180491973648,0.5327498756895477
D3YXW1,knn,0.5609790737048317,0.6607385192040334
A0A140LI54,knn,1.3906178696487144,1.9704401545739145
P15066,mice_elastic,,
A0A2I3BPM0,mice_elastic,0.751426502281783,0.4715092604206198
Q80Y84,knn,1.2665750352710232,1.2900535439746172
Q3UHZ2,knn,0.8200819186674173,2.143787527846185
F6W3K2,mice_elastic,,
Q3UZC4,mice_elastic,1.1855531196450038,1.0682072651981005
Q3UHD7,knn,2.1197664228487216,2.27826532846648
A0A0N4SUI7,knn,1.400588259969448,2.4357287808467936
V9GWZ1,knn,0.09327686672908811,0.26513189367603546
O70477,knn,0.9184783787974533,1.3943792844865708
Q3US38,mice_elastic,,
O88574,knn,1.3893404534318514,1.796783773322889
A0A0R4J272,mice_elastic,0.696490295578548,0.05484187115426215
Q99M07,knn,1.653795902505134,3.280873524962362
Q05BC8,mice_elastic,,
Q9JJN6,knn,0.5389641032600551,0.9862353994361985
A0A2I3BPY8,mice_elastic,2.3001012206181226,2.2552478332134527
Q8BRB4,mice_elastic,,
Q6PCZ4,mice_elastic,,
A0A087WSC5,mice_elastic,,
Q91WE6,knn,0.11684627712449928,2.88885670134578
A0A286YCT6,knn,0.6864511676307087,1.6618599170605244
Q80TK2,knn,0.5239762396135531,1.4188679608896286
B2RXA1,knn,1.3701440152953734,1.5417616136217258
Q3UDA2,mice_elastic,1.2336044397357564,0.354699800551888
A6H619,knn,1.1935137503882647,2.950369580829492
A0A183ZRM3,mice_elastic,,
Q923B1,knn,0.5039897097383879,0.6590306462397901
Q91ZV8,knn,1.2933045374016596,2.0259456519449235
B7ZWE5,mice_elastic,,
A0A2I3BRS5,mice_elastic,0.6482198482233167,0.449177986075735
Q14AY4,knn,0.6490517449881597,1.4946976592190082
Q8BW87,knn,0.6428744303752639,0.6645822532826063
Q9D0J8,mice_elastic,0.6952679834625085,0.5159739939657296
Q3TE59,knn,2.238604771153979,2.467602547065697
Q80TA9,mice_elastic,,
Q80TG4,mice_elastic,,
Q9CQK1,knn,1.9489761422614622,2.1647402486803187
Q0VE46,mice_elastic,,
Q2KHK7,knn,0.36027815318990086,0.5160019962856346
A0A0N4SV10,knn,0.92711006679668,1.1491586832280158
Q9QXE2,mice_elastic,,
Q9DCH2,mice_elastic,,
Q3UG53,mice_elastic,0.9075187205274415,0.35582229781931374
Q3TVI4,mice_elastic,0.2867472620446487,0.03413762017277121
Q8VE62,knn,0.8685906567051677,1.028767695687183
Q8R2U0,mice_elastic,,
Q99LN9,mice_elastic,0.7041277112963388,0.11787126116829004
Q8VI59,knn,0.21373506823569516,1.483088683966629
A2BE91,mice_elastic,,
V9GXJ9,knn,1.1153596054032635,1.9713699953180774
S4R255,mice_elastic,,
Q7TSH2,knn,0.15667596082551621,0.6051087442223805
Q8K2X7,knn,1.2147310124034874,2.8831240370049436
O88413,mice_elastic,,
Q8VCD5,mice_elastic,1.128810224373547,0.9276810559127486
Q9D0K0,mice_elastic,2.148886846923803,1.5556679525496722
A0A1L1STM6,knn,0.3655483293208481,1.1953584964337882
Q8R055,mice_elastic,0.8220308004400306,0.3416446569958946
A0A1L1STV8,mice_elastic,,
Q925J9,mice_elastic,,
S4R2B6,mice_elastic,0.18026740430957663,0.045127733897114455
Q99JH1,knn,2.728401644447555,3.6706824887356393
A0A0R4J1G5,mice_elastic,,
F6VAL0,knn,4.675229932745584,5.750405523066535
A2ASW4,mice_elastic,,
B1AZF9,knn,1.2991136077414667,2.630559276115197
Q8QZS3,knn,0.9895160379711,1.0929472358938597
B7ZWF9,knn,0.0689997044300228,1.0978618008019463
G3UW58,knn,1.0504013424194643,1.5591200103214151
Q9JL61,knn,1.2245074706361574,1.9885003698487382
Q6QWF9,mice_elastic,0.7462142080616913,0.36177144906943204
Q0KL01,mice_elastic,,
A0A1L1STK0,knn,1.1840126256029717,1.2889305066124226
Q9DB40,mice_elastic,,
Q3TNH2,knn,0.898736688102357,1.3690885636292067
Q3U1C4,knn,1.1655602914297616,1.8482044229265475
A0A0R4J0B8,knn,0.4728989284833275,5.216609996585919
Q8VDH1,mice_elastic,,
Q9CPV7,knn,1.0346770482904362,1.5057006607063128
Q9R0C8,knn,0.9230625760254464,1.1139575104438633
A0A0N4SV15,mice_elastic,,
Q99KS6,mice_elastic,,
Q3UFK8,knn,1.2106549928669883,2.371743463315071
Q8JZM4,knn,0.6946655696638866,2.1634881894705074
P22935,knn,0.4813982923147898,0.7860441396638409
Q14AY1,mice_elastic,0.5395984664217928,0.0764276111662915
Q3U9D6,mice_elastic,,
E9PUD7,mice_elastic,1.41031766355983,0.7096546284935759
Q99LX3,knn,1.3077227678676617,2.3326953940438577
Q61160,mice_elastic,,
Q3TL44,mice_elastic,0.8350918089760697,0.26666595372353524
Q3US17,knn,0.21390367302370278,0.9648673924742514
F8VPZ3,mice_elastic,,
Q6RI63,mice_elastic,1.1464464445150837,0.39005493616879416
Q5UB50,mice_elastic,,
Q3TIK1,knn,1.82511702216448,2.4195800566378436
A4QMQ0,knn,1.3866413132370075,1.390119906451322
Q3TQY7,mice_elastic,,
Q2M4I5,mice_elastic,0.9984409425324561,0.3404362995795912
Q6NZQ4,knn,2.305679402735983,7.248932354335648
Q80W79,mice_elastic,,
Q9CYX7,mice_elastic,1.1945417943274521,0.6774681857806625
E9PV92,knn,3.5650712620816556,4.019378999310313
Q8BR92,knn,0.3384565660174955,0.6904377864721744
P16546,knn,0.1903746425693931,0.4527461594373386
A2AWF8,mice_elastic,,
Q7TPQ3,knn,1.184350841737117,1.915956586426843
Q6PFV6,mice_elastic,,
Q9D5Q6,knn,1.1279807142236062,1.64542473563034
G3UW40,mice_elastic,,
Q8BFW7,knn,0.9144196480570366,1.6633862743232235
Q3TIJ5,knn,0.6840907178916089,2.293678307781787
Q6P7V2,mice_elastic,,
Q3UHK1,mice_elastic,,
Q6DG52,knn,1.0608226705404349,1.2663140987918502
Q548M7,mice_elastic,,
A0ELI5,mice_elastic,0.5093485977936598,0.3622654094590095
E9Q777,mice_elastic,,
Q5U5M8,knn,0.4461671386246443,0.5352482029405686
Q6P6I6,knn,0.7088397558079335,3.980842306486286
Q9CZT5,knn,1.5245878019002057,2.3649399203259085
Q6P1H9,mice_elastic,0.8150546855167874,0.5935584642693378
A2A699,knn,1.7038368020971035,2.0672124672367955
O89050,knn,0.9713589343325099,2.221911916829494
B2RWS6,knn,1.8480220194074448,1.960653867901128
Q8R238,mice_elastic,1.586323200989953,1.1209724912343046
Q6PHZ5,mice_elastic,0.30838423746624494,0.08081477010059282
E9Q1W7,knn,0.23781450501251836,1.2622725041834206
Q3UKP8,knn,0.619431805690874,0.9196021191981161
O08715,knn,1.6381695733925294,3.1408128884432056
Q80TP9,knn,1.3956375452868863,1.5447663890261192
Q8R216,mice_elastic,1.5702797403687543,1.5336836780033427
Q9CQ39,knn,1.0606939451732267,1.4563711414275662
Q05BD6,knn,1.1893315853391124,1.483720405706399
Q6ZPY2,mice_elastic,,
A2BHN6,knn,0.3607495808771892,0.7874132626274093
Q61344,mice_elastic,2.165341812714627,1.3861515222629313
Q3V4A6,mice_elastic,0.3258096432122935,0.07883746273580723
Q9CR24,mice_elastic,0.8776969757056616,0.19247131507773144
Q0PD42,knn,1.3524314012062617,1.772792720885788
Q60963,mice_elastic,,
Q6P7X3,knn,0.6840766354109797,1.8196130569485252
G3UWD4,mice_elastic,1.3982368832670085,0.4034357158174681
D6REF7,mice_elastic,,
Q3THJ3,knn,1.10574737348024,2.6724673137646087
Q922F6,knn,0.26105485826343705,0.522056000992553
Q3TN38,knn,0.5262511117229421,0.63660155219399
Q91VJ4,knn,0.43705557478640816,1.6694177451165155
Q8K396,knn,0.14660348062166273,0.4151044428265083
Q8BKT3,knn,0.08151198326553671,2.099565007137534
G3UZP8,mice_elastic,,
Q6PEE3,knn,1.0037945283274128,1.1955505796358914
Q4VBF8,knn,0.5964641984084706,2.6094273453903507
E9QMX4,knn,0.1492707954684822,0.3675765325269684
Q9R060,knn,0.9792966215294174,1.7702685693614957
Q6PGG6,knn,0.34656613572355544,1.5003300200725442
P55099,mice_elastic,,
Q9D9M5,mice_elastic,1.3503639903940914,1.0104691479596866
F6TYB7,knn,0.5735250202492876,0.7051519497790265
Q7TMW6,mice_elastic,,
Q3UMI0,knn,0.44668563784801624,1.112430641559739
Q6NXH3,knn,0.8593289334456634,1.0257565375804134
Q3UXU0,mice_elastic,,
G3UXT9,mice_elastic,,
Q80U76,mice_elastic,0.6378042339949934,0.35074957774020565
Q8C996,mice_elastic,1.3852377045135238,1.2587319745701102
Q8CAC4,mice_elastic,0.7455546835069448,0.49185673413971415
Q8C0M2,mice_elastic,,
Q05C25,mice_elastic,1.517983080710953,0.9651213928847531
E9PZJ6,knn,0.8203991132671012,1.5863564229190419
Q8BPN4,mice_elastic,1.2321037610975254,0.9835387972750822
Q9D9M2,mice_elastic,1.5484115962375093,0.7793653018679948
Q8C6I2,knn,0.8532502443398089,1.531047638101596
Q8BHR8,knn,0.27781267269337595,0.3750361619821633
Q3UM63,mice_elastic,1.0291834724087248,0.22552907013106702
Q9D081,mice_elastic,,
Q3US39,mice_elastic,,
A0A1W2P7U7,mice_elastic,,
E9QPX1,mice_elastic,,
B1AYU7,mice_elastic,1.1856599032550401,1.0626117426052035
E9PYF0,knn,0.09858922211256906,0.644117753792193
D3Z7D5,knn,0.21043239495721827,1.5864673222055663
D6RHQ8,knn,0.6567968393969267,0.8627080021376159
Q8CDX7,mice_elastic,,
Q9EPK6,mice_elastic,2.335190742234439,0.9809375588377627
Q8BPT6,mice_elastic,,
A2RSS6,knn,1.4512985347836822,1.9960737923627243
D6RGM8,mice_elastic,,
Q99LM9,mice_elastic,0.9848777544889353,0.593042360043042
Q8K0W9,mice_elastic,1.1630500042180667,0.45143890962847644
Q80TN4,knn,1.17530211639793,1.6759110523938165
Q3V1Z5,mice_elastic,,
Q8CJF7,mice_elastic,1.0107309112492768,0.7038510676576497
Q5SYH9,mice_elastic,0.18421766690507976,0.0617526618256182
Q3U6T3,knn,0.7817508876056173,1.3067063259426912
P46938,knn,1.7745871653508145,1.992591039227591
B2RWX4,knn,0.33216221029826776,0.7890175249815156
Q9CQQ4,knn,0.83146456156849,0.8679968095297372
Q8CCC0,knn,1.658009729857291,1.6965325512743734
A0A0R4J1N9,knn,0.21459360038493036,1.495635927382346
Q3U1P4,mice_elastic,,
O08601,mice_elastic,0.671078839403239,0.3590692534100874
Q9CRG4,mice_elastic,0.6108963299780406,0.5258833093465685
A5CVE4,knn,1.2740874100145851,1.5308318292395426
H3BK33,mice_elastic,0.5130036266274314,0.10789726645370316
A0A0R4J1A9,knn,0.7861779435119169,2.3605701334018194
Q3UV57,knn,1.191720645891771,1.345345413846512
V9GX42,mice_elastic,,
Q3TSA1,mice_elastic,1.4825033251269977,1.4174863981285606
Q499E3,knn,1.62204120934962,3.7239253317807024
E9QKI5,mice_elastic,0.3847558231935007,0.16549789686220415
Q3USK4,knn,1.8074567390530443,2.263393920215
Q8BVG4,knn,0.4025976336318427,2.6868158272344034
A2A9K3,knn,1.1314359384931802,1.6599823525094846
A0A0G2JGI3,mice_elastic,1.1511922906736465,1.050428835697558
Q3UAC4,knn,0.8377762080427614,1.8310028674311083
Q8C1S0,mice_elastic,,
Q8BHN1,knn,0.5501633065956347,0.6692223263975701
Q3UQA3,knn,0.4306503307128934,2.0309848013560057
Q8K4L2,mice_elastic,0.49037968831204803,0.2730596221933465
Q3U8B9,mice_elastic,,
E9PZJ8,mice_elastic,,
A6H6K1,mice_elastic,,
Q3V2D7,knn,1.1590229175295426,2.051097724035816
Q8R4F1,mice_elastic,1.4210180337913418,0.31547925427573864
Q9CXA2,mice_elastic,0.5901100494728635,0.0026255446181989604
Q3TNK3,mice_elastic,,
Q3UUD2,mice_elastic,2.1500358513354896,1.5229362025877768
A3KMP2,knn,1.0132256280505527,1.6645919716055142
E9PUA3,mice_elastic,0.7492495545988949,0.619486425658685
A0A1B0GS27,knn,1.3263010467401208,2.4161587927105854
V9GX22,knn,0.7312304298103874,3.1981733955367897
Q9DAV9,knn,0.13456894246972603,0.2467745785097105
Q8VHK1,mice_elastic,2.0883729980560446,1.873319825826876
Q3UJA1,knn,0.45119852989748854,1.0523584728600788
A0A2I3BQJ1,mice_elastic,,
Q4FJY5,knn,1.6099958604708011,4.568185946641169
A0A140LHX4,knn,1.4702786500869651,1.8713293021995572
A2ATU9,mice_elastic,,
Q3TR92,knn,0.6367122543786699,1.847414014102892
Q62276,knn,0.9376057571938908,1.3792243572685772
Q9DBW3,mice_elastic,,
V9GXI7,mice_elastic,,
Q8K078,knn,3.2315591857396537,3.914861301471079
Q3URA1,mice_elastic,,
P61216,mice_elastic,,
Q68ED2,knn,0.8580264638750267,2.7981715494262764
F7ASU3,knn,0.5862195269730641,1.1870905361329767
Q8CCI9,knn,0.4541741946480696,1.5166682193535357
Q80U91,mice_elastic,,
B1AXD8,mice_elastic,,
A0A1L1SRM4,knn,0.566011864709401,0.6712225025835681
Q9JJQ0,knn,2.097424601525085,2.3548432954054195
C9K0Y5,knn,1.4648449605244895,2.8653785181813327
Q8BT35,knn,0.08314615300131203,1.0755382772485496
Q5SU48,knn,1.031020507041988,3.394778118576847
Q91Z92,knn,1.735638556573082,1.8774975210381057
Q8BGK5,knn,0.8868650613364683,5.456062539677317
Q3U379,knn,0.029681353561693356,0.05502579989587546
Q80VC6,mice_elastic,0.4992408586497708,0.3157403812902747
Q8CDT8,knn,0.5475399195894929,1.1752054301836108
Q8BGY2,mice_elastic,,
M0QWE2,knn,0.4095497185337199,0.47329460702018905
A0A0R4J177,mice_elastic,,
Q791N7,mice_elastic,2.6587380861913257,1.9273556230786435
E9Q446,knn,0.10257319914860077,0.3476640235786513
Q8R322,mice_elastic,0.6474200395074329,0.6157654110930254
Q8C3H0,knn,0.18507604820579077,0.48042895351741177
Q6P4T3,knn,0.8306861281331266,1.1282316439799316
Q3UFK7,mice_elastic,0.7768774690023215,0.3264687885794139
A0A0R4J1E8,mice_elastic,1.1967794800519524,0.6680826025691535
Q5XJY4,knn,0.9751500502318198,1.7769431755517084
A2ACD2,mice_elastic,,
Q8C5B4,knn,0.2838081897788707,0.6618462739261105
F7CVQ1,mice_elastic,1.2114060748729851,0.8950981474592415
Q9Z1R9,mice_elastic,,
A2ALB1,knn,1.3852197785783842,2.357073963538824
A2AQB2,mice_elastic,1.787613551188513,1.6978653642007895
Q60929,mice_elastic,,
A0A0G2JFV4,mice_elastic,0.5042014345000708,0.46646520914431366
Q8BT99,mice_elastic,,
A0A0D2X7Z2,knn,1.1805018554108524,1.945209478009603
E9Q8P8,knn,0.5431195881404204,0.7824040820537358
Q8BU05,mice_elastic,3.604178050709172,3.4346741378016303
B9EIW1,mice_elastic,0.8360300438690357,0.3920217076441896
Q9CYL5,knn,1.001775286745339,1.0189221478089805
E9QA46,mice_elastic,,
Q8VCB1,mice_elastic,2.2979403643582943,1.4400334475296042
Q9CZ82,knn,0.812931387537827,2.0072000332253386
E9Q5M4,knn,1.1021174327250267,1.2451406192983199
Q9EP52,knn,0.6956522666137257,0.8295712946887063
V9GXC3,mice_elastic,,
Q61609,knn,0.7210295940232601,1.6907469034942535
P39038,knn,1.291230450426054,2.846816978170196
P70460,knn,1.501921414856057,1.7467329938723462
Q9CPV3,mice_elastic,1.533402622420789,0.06263489008022759
G0YZM8,mice_elastic,,
Q80ZW0,mice_elastic,2.0330546567294756,1.6583902662159573
D3YYS9,mice_elastic,,
Z4YKC4,mice_elastic,,
E9QQ96,mice_elastic,0.6213242132917883,0.5922375092458378
Q3TT51,mice_elastic,,
A0A140LIW8,knn,0.2715241044320819,1.121303953662881
D3YYY8,knn,0.25925273833901197,0.37952221295532623
G3UWW1,knn,0.152058813745274,0.7330182409482744
Q3UVS6,mice_elastic,,
Q921N8,knn,0.5055101010832994,1.0211613656406262
Q3UCZ5,mice_elastic,,
Q8VHI5,mice_elastic,1.0598384486575914,0.7073287002805403
Q3UG15,knn,0.6410760686666622,1.3667466287323955
A0A0R4J254,knn,0.7016828376416415,0.7941695512089454
Q9DBW2,mice_elastic,,
H3BIV5,mice_elastic,0.3589781984267619,0.18380518617634278
Q5F1Z8,knn,0.752116897555026,1.4454543336057344
Q3UEX1,mice_elastic,0.9659825787586017,0.9157262016353165
Q8CI08,mice_elastic,0.8161725174860888,0.32891822133818494
Q3V300,knn,1.0723625032908737,2.131414926420619
D3YXJ5,mice_elastic,,
A0A087WR20,mice_elastic,0.6121154730071693,0.3912518311648304
Q9CWA6,mice_elastic,1.3503991220829248,0.3644236627610168
Q3TT47,knn,0.31160945431522724,0.822516736812853
Q8BL03,mice_elastic,1.791281828041274,0.6060671587404466
Q4FJR3,knn,0.3265807762293104,0.7836083590795075
D3Z055,knn,1.2265138490370584,1.5262578992898077
Q9CR83,mice_elastic,,
Q3UPH1,mice_elastic,,
Q9D6Y4,knn,0.17209449710752606,2.4393113906704826
Z4YK56,mice_elastic,,
Q8CC06,mice_elastic,1.0479852628608426,0.9793225755111098
F8WGX0,knn,0.25174617945562755,0.738508651212868
Q9D8C4,knn,0.7667240310588493,0.8678515728753721
Q8C6G1,mice_elastic,0.49048135115053465,0.40740218334954587
Q3UDG9,mice_elastic,1.0182003124319583,0.6639030137468536
Q3UX26,mice_elastic,1.8280142201522027,0.7403783240280203
Q05BM9,mice_elastic,,
P01027,knn,0.6415369717139741,1.264971742731633
Q6NXK8,mice_elastic,1.3369247689112465,1.2999943344005602
B1B1D8,knn,0.7554689217022286,0.8199941776705681
Q8R015,knn,1.4148716357413416,2.639106153820878
S4R1Y5,mice_elastic,2.080539219966594,2.070995007815373
Q3UG01,knn,3.009025564072859,3.2664352674835233
D3YU58,mice_elastic,1.3552186529160621,1.2593890036355002
A2RSE4,mice_elastic,1.3348807694589728,0.7167057211059386
Q8R554,knn,0.4120135485300183,1.241131489635725
P27661,knn,0.43734616082272915,0.9594713106722589
Q7TSS2,mice_elastic,,
B8JK33,knn,1.289642713830903,2.012663898573177
Q3THP3,mice_elastic,,
Q62470,mice_elastic,,
B7ZWK9,mice_elastic,0.632113683379284,0.3987773727124244
O89001,mice_elastic,,
A0A1B0GT67,knn,0.47722755904589986,0.6931873331214176
Q14DR9,knn,0.8212158572939581,3.306827296515357
E9QJU4,knn,0.12587358066955168,0.9826144593424277
A2ADJ4,mice_elastic,,
Q99KJ0,knn,0.3970131534443485,1.2792504381658276
Q99N11,mice_elastic,,
Q91YM4,mice_elastic,,
Q3UMD5,mice_elastic,,
Q505D9,mice_elastic,,
Q498A0,knn,0.18477640955539712,0.3433621688928486
Q8K382,knn,0.32716538760823327,1.598628677250759
Q8CGH9,mice_elastic,0.7886605024053281,0.7514140009993925
A2AGS6,knn,0.983700106622372,1.4541280506636178
Q3KNA5,knn,0.11314568006453732,1.046152339136047
Q9CQ90,knn,0.847070567415533,1.9241105644353003
Q3TXW9,mice_elastic,,
E9QM14,knn,1.0940175882331584,1.4610626521076544
A0A1L1STD6,mice_elastic,0.5346764909394234,0.3781565351732274
F8VQD7,mice_elastic,,
Q9Z1L5,knn,1.7109566232001552,2.0837900419230153
Q9WU63,mice_elastic,,
Q3UM97,mice_elastic,1.1337930991478706,0.41726463661314217
Q9CXU0,knn,0.3420687566176395,1.1854648804212136
B2RWC4,mice_elastic,1.5426173849100504,0.8768546031531154
Q9Z2L6,knn,2.167857711911979,3.297367128339607
B1AZ15,knn,1.1619544018869854,1.8015415405677149
Q6VH22,mice_elastic,1.7922663137522123,1.608006571991144
E9QAF9,mice_elastic,,
Q6P2K2,knn,2.149860732354453,5.208813808006631
Q80UP8,knn,0.6876166558549135,1.3476889912036398
Q80XC6,mice_elastic,1.11118687371489,0.7658046674014245
H3BJE9,mice_elastic,1.1061012609931504,0.038530116543266615
Q571D8,mice_elastic,1.160654713807244,1.144174213382558
Q9ERR1,knn,1.3125098064795073,1.8484117160634816
Q8C908,mice_elastic,,
Q543Y8,mice_elastic,,
A0A1L1SSV8,knn,0.3523029038856876,1.7715883467342042
A2AL50,knn,0.15342280069765968,0.8711974665497069
Q80X31,mice_elastic,,
Q8VIJ9,mice_elastic,,
E9QMB7,mice_elastic,0.5887980679629741,0.39903395794896823
Q8K0T7,knn,0.9067523215860419,1.4076354743903872
Q6RFS9,knn,1.013698074226093,1.3750424990446037
F8WI26,knn,0.7032367843703261,0.799767720295339
Q3TQT7,knn,0.2761288351024497,0.8573999136863111
Q9CQW9,knn,0.9353024709445648,1.5327643857122095
A0A087WSG5,mice_elastic,1.1677358029014675,1.0143970903378219
Q5DTL0,mice_elastic,,
Q548L0,knn,0.04233661233560826,0.167304017044775
Q6Y5D8,mice_elastic,,
Q8JZM0,knn,0.39035048363492136,0.7450613124051916
Q924L1,knn,1.0875401761688714,1.1897290872159736
Q8BQN4,mice_elastic,0.3232160840721361,0.2929372546179742
Q8CCX9,mice_elastic,,
A6H644,knn,2.7374269419488546,2.9182437653134805
Q68ED7,mice_elastic,,
Q6V4S5,mice_elastic,,
Q62011,knn,0.3866162234086973,2.015607700746343
F8WI64,mice_elastic,,
Q8JZZ2,knn,0.007087804392701557,0.4130040609686356
A0A0R5RP29,mice_elastic,,
Q921Q3,knn,0.6418331928789004,1.0014061745028797
Q499X6,knn,0.39655565498698636,0.528250435303657
D3Z1C5,knn,1.918952610835192,2.0055980733618597
Q8BLD4,knn,1.9058272664185112,2.3972319670134916
Q7TMQ1,mice_elastic,,
D3Z684,mice_elastic,,
Q3V4A1,mice_elastic,,
A0A0G2JGY9,mice_elastic,0.7679636534609077,0.5606150742642166
G3UZJ2,mice_elastic,0.6269959654099183,0.5306141146568302
B2RRZ7,knn,0.6745613007578429,1.1490864105976342
Q80VC9,knn,0.8299035427104213,2.335323686144523
Q9JI11,mice_elastic,0.8025468578435361,0.65996185111396
Q8BU31,mice_elastic,0.4126449058588167,0.07003740262168011
B2ZRS8,mice_elastic,1.1673785517922577,0.6895968157239986
Q5DU51,mice_elastic,1.4907624873909098,0.7661993283343345
Q8BH79,knn,1.325851108220417,1.3627607476890842
Q9D486,mice_elastic,,
A0A087WQY7,mice_elastic,0.748738474597549,0.4483765528614739
Q3U4G9,mice_elastic,,
Q3UJ02,knn,0.12199475606581134,0.6995322171263798
Q3UHY7,mice_elastic,1.281673360450271,0.5432953805718329
O35126,knn,0.5315024629472915,1.2939806314720592
A0A1B0GRX7,knn,0.7295994822904946,1.4895616482887075
Q8VCL2,mice_elastic,0.8452533872384321,0.7276523414629945
A0A0J9YTU3,knn,0.8038958812589839,1.7279535952607517
Q9D168,mice_elastic,,
Q3TBW2,mice_elastic,,
A0A0A0MQ73,knn,1.9426658737610578,2.9051049163712834
A2BE28,mice_elastic,,
Q9CS42,mice_elastic,,
A0A087WR75,mice_elastic,2.0449868376564737,1.7618608283435253
E9M2E8,knn,0.8656440723253734,1.638560275279391
Q62084,mice_elastic,0.5193397599934517,0.1482274607215018
Q3U487,mice_elastic,,
A2AT93,mice_elastic,,
Q3TDT4,mice_elastic,,
A0A140LHT6,mice_elastic,0.8392691103162362,0.5367780688110163
A0A0R4J0W7,knn,0.017771598678403316,1.297463212466033
G3XA18,mice_elastic,0.7616202169262358,0.6444783975656843
A0A0G2JFB0,mice_elastic,,
D3YWS8,knn,0.1392526108017765,1.1112892061207458
Q14DQ3,mice_elastic,,
S4R216,knn,0.4714606048538719,0.5193111499821326
A0A0A0MQB0,mice_elastic,1.13950940148445,0.31473859856988656
A2AEN9,knn,1.094941747607023,3.8236301566980844
E0CY18,knn,0.6803456002731686,2.6508108494193414
Q3UCF3,knn,0.8368138603165937,1.040922686864085
Q9CWS5,mice_elastic,1.1446882188975542,0.6194203086859869
E0CXG8,knn,0.4204074994717683,0.8357748833152597
Q9DB96,mice_elastic,,
D6RDC1,mice_elastic,,
Q8CF17,mice_elastic,,
B8JJE0,knn,1.0624904715791819,2.507100870999955
D3Z5N5,knn,0.3399465439081231,0.7409401328355358
Q9WTZ0,mice_elastic,,
P11881,mice_elastic,0.8640354022736195,0.3487657436076451
Q99JI1,knn,0.23116910562884282,1.591200193967988
Q3UKU3,knn,0.3343823979925884,0.6269608563196218
F6XIX0,mice_elastic,,
A2APL5,mice_elastic,,
Q3U0F3,knn,2.1272340796222053,2.4312562505467676
Q3V1T0,mice_elastic,,
Z4YLG3,mice_elastic,,
Q62481,mice_elastic,2.0545588253710894,1.397089983852918
Q9CZP0,mice_elastic,,
Q3ZB20,knn,2.844583907966875,4.1034084968391
Q8BUR4,knn,0.6595571036791207,1.5379286911119376
Q1MX41,knn,0.5379254279608455,1.5442568305884106
Q3UUE2,knn,0.42120660445978053,1.2779494338496742
Q3TU94,mice_elastic,3.4200150980078106,1.8958708568211877
Q571D6,mice_elastic,,
Q3V028,knn,1.1383773457774535,1.806666895952683
A2A6P4,knn,0.29990587325735313,1.0437950739923578
A0A140LIS7,knn,0.8734455918030632,2.0334422843471174
Q9JJ94,mice_elastic,0.8323884486086186,0.4941797311941948
A0A087WRS3,mice_elastic,,
Q3U2V3,knn,0.7122749366190382,1.4488851838438033
Q99N93,knn,0.2898501207425837,0.8159611280632969
J3QQ10,mice_elastic,6.334804851201329,5.909771883472571
B2RQ14,mice_elastic,,
A0A0R4J0Q0,mice_elastic,,
G3UYZ9,mice_elastic,1.4763328723548255,0.8263320345506201
Q8K0B7,knn,0.48668383883103083,1.4958012837112742
Q3UU20,knn,0.7103079148129025,1.175361908281207
Q31168,knn,1.439452318377799,2.1896785509996954
Q80WB5,mice_elastic,0.588022141984042,0.527985427294108
A0A0R4J243,knn,1.3975654782642553,2.5137605012516087
A0A0H2UH13,mice_elastic,1.1980589062243343,0.6243825885661528
Q9MD59,knn,0.15820195027904227,0.7793806767003959
Q8C3W1,knn,0.8464629189889578,1.661758935373756
Q9WTV7,mice_elastic,,
Q8VCQ3,mice_elastic,,
A2AGH8,mice_elastic,1.215915416657137,0.15586984603274742
Q99PE9,mice_elastic,,
B2RX81,knn,0.5316396980747502,1.5021483850924244
A0A0A0MQJ8,mice_elastic,,
P15209,knn,0.9044926735279479,1.1257576509187244
B2RQZ6,knn,1.1748452090302497,1.3853227673978068
A0A2I3BPW0,knn,1.6848925903086074,2.0641104510219015
Q8R0I4,mice_elastic,0.9546186997495069,0.9177409927440404
Q3U6Y9,mice_elastic,0.40905412590679424,0.08582720209208272
Q3UWN3,mice_elastic,1.5959883296471644,1.1607767327143086
Q80XK9,mice_elastic,,
Q3U0D9,knn,0.5705324746730284,1.4562051482827307
B7ZNP0,mice_elastic,0.8256130604698638,0.7031224318192107
Q52KF2,mice_elastic,,
Q8C7Q6,knn,1.600213435156889,2.1761360992472603
A0A140LJ45,knn,0.7118694630603805,0.712485130792914
Q4VC33,knn,0.5119496001160689,1.2069638698310132
A0A2I3BRS9,mice_elastic,,
D6RET6,mice_elastic,,
Q61650,mice_elastic,,
Q8BXN1,knn,0.813134736941019,0.9255186674615546
A0A097PUD0,knn,0.9446906732131435,2.1169608701006437
D3YYY1,mice_elastic,,
Q543X1,mice_elastic,1.2075498457051248,0.612626501495456
Q3UA32,knn,0.8910084274646742,1.9555531575497693
E9QK89,mice_elastic,,
Q8BQ28,knn,1.0293060195231334,1.7035217364936603
Q99J21,mice_elastic,,
Q6PAL7,mice_elastic,,
A0A0R4J0S3,knn,0.6219056634997809,1.5797734451416536
E9QLA5,mice_elastic,,
Q9QZC2,mice_elastic,,
Q3UC65,mice_elastic,,
A0A2I3BQ43,mice_elastic,,
A0A0R4J2B5,mice_elastic,1.0350406729131725,0.7161875030941411
G5E8T2,mice_elastic,1.0599405406212632,0.6552609061864872
Z4YJL9,knn,1.2809114527795888,1.3408526037998847
Q3UPD0,mice_elastic,2.3762683711794192,2.081446202845961
D3Z197,mice_elastic,,
Q6NVG5,mice_elastic,,
Q3U2U4,mice_elastic,1.0541103786454997,0.6378020355572929
P47811,mice_elastic,,
Q3V391,knn,0.011924953612297812,1.2008102560466987
Q8BXP5,knn,0.3049482291913936,1.0166288814620392
Q0VGR8,mice_elastic,,
Q3U0F2,knn,0.5545162502817307,1.101992472716044
F7CVJ5,mice_elastic,1.5791248877181618,0.5459591854662608
A0A0A6YVV4,knn,1.3160541605454468,1.3349545777241218
A9DA50,knn,1.5665938205050256,2.360596395142929
Q9D0R9,knn,1.3699771692590912,2.6488306171140166
Q3UUM5,knn,1.4663621994668488,2.156424933876854
Q78RX3,knn,0.8601896555623403,1.3976102417622476
Q6P1E1,knn,1.2211084006658188,1.8310736047419895
E9Q0W6,mice_elastic,,
Q4FZC9,mice_elastic,,
P97287,mice_elastic,,
B1ASY9,knn,1.3590252675499648,1.5100368369253323
Q91YN3,mice_elastic,,
A0A087WRE7,mice_elastic,,
A0A0J9YTX7,mice_elastic,0.5698985653582361,0.2248959386519499
Q922G0,mice_elastic,1.0655649081689442,0.7886126040058631
Q80TY5,mice_elastic,,
Q0VF51,knn,0.9096403887902575,1.5864370641434664
Q69ZW5,knn,1.362203616651367,1.4557916129501338
Q9EQH4,knn,0.39935498402154207,0.40888605562645025
Q8C0L9,mice_elastic,1.9983027321804596,1.1060907975482728
Q3URU4,mice_elastic,,
Q922H9,knn,1.7328248886284527,1.9916713852528318
B1AVA4,mice_elastic,1.0471608184612837,0.5002280374571629
A0A0G2JF00,mice_elastic,,
E9PWX1,mice_elastic,,
Q921X9,knn,0.707606555765916,0.8352764366731614
B1AXV0,knn,1.0236629110523232,2.335448743084145
P11679,knn,1.4224180638649315,1.4627830071536927
Q8R2S9,mice_elastic,0.5879320264068282,0.10139381114948869
Q3TT85,knn,0.9804495930844789,1.0398220354177037
Q5SV41,knn,0.4474887323121193,1.3152628102240478
Q6PE70,mice_elastic,2.185503850021394,2.152561610313034
Q5SSH8,mice_elastic,,
A0A1D5RLZ5,knn,1.5149017212191251,2.163887276482151
E0CXE7,knn,1.8096793436917753,2.0246602354296197
B9EIV8,mice_elastic,2.31401961220517,1.6950752387281993
Q149L3,knn,0.4407504781093971,1.0161754948271704
E9Q942,knn,1.0533133767192842,1.7258554263331651
B2RQC7,knn,0.6643214134837485,0.8766213732628209
Q9CSS1,mice_elastic,0.743455396302007,0.1406078940683199
Q3UXQ1,knn,0.32573392605779883,1.0943647372761434
G3UZY2,mice_elastic,,
Q543C5,mice_elastic,,
B2KF50,mice_elastic,,
Q6ZPY3,mice_elastic,1.2380807851189017,1.1907734564831598
B2RVB9,mice_elastic,1.0922424827225266,1.0404177188442922
Q8C9Y1,mice_elastic,,
E9Q421,mice_elastic,,
Q6NZC3,mice_elastic,,
Q9CTE1,mice_elastic,0.9283102022822877,0.9150183002709563
Q1MXF8,mice_elastic,,
Q5PXT3,mice_elastic,,
A2RS47,mice_elastic,,
D3YTU5,knn,0.4212534899735131,1.1585994642288635
Q3TUU5,mice_elastic,3.9326249547668155,3.2306960970520078
D3YW42,mice_elastic,,
Q9CWG8,mice_elastic,1.610023840293088,1.255944851961026
Q3UMW9,mice_elastic,1.470871437331908,0.5490841101929361
Q8CAD1,knn,0.754862374355492,1.340597866996288
Q9CQV4,mice_elastic,1.898075712309456,1.1156396328335296
Q9CQB7,mice_elastic,0.5965457685043448,0.3159553477490376
E9PWW2,knn,0.6351051635732252,2.2606868283182915
Q8K224,mice_elastic,,
D3YUT6,mice_elastic,,
Q9DAZ9,knn,1.17994729513923,1.6265161936246892
Q99P30,mice_elastic,,
Q6PDM6,mice_elastic,,
Q8BZ94,mice_elastic,6.973407046897297,5.306249691843259
A0A1L1SR96,mice_elastic,,
B7ZWM6,knn,0.5112677023560821,1.9158168944025424
A0A1L1SVA4,mice_elastic,,
E2IUN6,mice_elastic,,
Q08EE0,mice_elastic,1.2765319977225495,0.7905550383587904
Q9QXV3,mice_elastic,,
E9QNE9,knn,0.8961151853984879,1.61378294477736
Q8VE18,mice_elastic,2.6596544742351442,2.188025796361191
Q0PD62,mice_elastic,0.15460596490181583,0.07946012585552234
Q9JHG6,knn,0.9103073785949,1.867015156292609
Q9D113,mice_elastic,1.0730335113429388,0.7873630293688666
Q78YY6,knn,0.7458670494665909,1.9148515238249557
A0A140LJ31,knn,0.3411970466781032,3.110500099689308
Q9CQI9,mice_elastic,,
D3Z3H4,knn,0.3215240848571884,0.9297911786219922
Q63918,mice_elastic,,
Q8VD04,knn,0.7990252234089265,0.8070322240882495
A0A1B0GT92,knn,0.7546270065145569,2.1027111750994743
A0A1L1SQG7,knn,0.6705473888982351,0.8834226092995339
A2AUC9,knn,0.6553740986335477,0.923361750931026
Q9CX79,knn,0.5392555504441794,0.847284620134439
Q8BGL1,mice_elastic,,
Q8BUL6,knn,0.1438053015750809,0.18322606618989243
Q8R1K4,knn,0.2742595937910964,1.4066553559993908
A0A0R4J0E4,knn,0.28260948025392996,0.641740246025967
Q3TIM6,knn,1.7192060769614517,2.5059131889454056
Q14BZ3,mice_elastic,,
Q3UQ95,mice_elastic,,
Q3V1Q3,mice_elastic,1.5993618211662433,1.4980517908133302
P97350,knn,0.6518745183871429,1.9138821762910843
Q9D1Q1,mice_elastic,,
Q3TLF7,knn,1.295064613421985,1.3002564782772317
Q8R1Y2,knn,0.9895385961712664,2.2665467190838227
Q3T9Z7,knn,1.437554376911617,3.544936168791808
Q9CPS7,mice_elastic,,
Q3UMB5,knn,0.6257723259004503,0.7028017389008501
A2AQP0,mice_elastic,0.6080001150593506,0.6033206865764194
B0LAE3,mice_elastic,1.3108473254048487,1.1911464475279643
A0A1B0GR84,mice_elastic,0.7007652881224655,0.4667113777378388
B7ZNX0,mice_elastic,,
Q8BJ03,knn,2.372768588346447,2.7762093804138606
P61953,mice_elastic,,
C9K0Y7,knn,0.35684613889631256,1.5418386552929375
E9Q7P6,mice_elastic,,
Q8K070,knn,0.6275639041062451,0.7242375672449477
A0A0R4J0T8,mice_elastic,,
E9QNN3,mice_elastic,,
Q8BXI0,mice_elastic,1.5349140638961323,0.9634446208811017
Q65Z96,mice_elastic,,
E9PUL9,knn,0.012536689710652298,1.0567376657571705
Q78S06,knn,0.46000051410092896,0.7461619542997849
Q80YA8,mice_elastic,,
Q3U2F9,knn,0.2862399038332867,0.41462484609471184
Q3UIL6,knn,0.9653379525148703,1.3976160440279026
Q9D8Z1,mice_elastic,,
Q80YA9,mice_elastic,0.8327714635015541,0.7444822283946468
A0A1L1SUR7,mice_elastic,,
A0A286YDU2,mice_elastic,,
Q5DTN9,knn,0.3314197460893934,0.8427950514614604
Q71RI9,mice_elastic,0.12273182986859589,0.07360383268104732
Q3UH12,knn,0.0416397759025194,2.041412215010241
Q9D114,mice_elastic,2.3710968318552323,0.21140058990248242
E9QK62,knn,0.33799695802798885,1.6155068654704006
Q543X4,knn,0.31277902170667454,1.901272820155597
E9PW03,mice_elastic,,
Q8K016,mice_elastic,,
Q8BKX6,knn,1.3565983297617574,1.7683807654189596
Q8R126,mice_elastic,,
Q5U4C3,mice_elastic,,
B2RRP1,knn,0.372803723242333,1.0986690309860527
A0A1D5RMD5,mice_elastic,,
Q69ZJ6,mice_elastic,,
Q3TZZ7,mice_elastic,1.2051861331106024,0.44261606008221477
Q6NXV2,mice_elastic,6.837644046802612,6.829443532677832
F6QYE1,knn,2.355406798084707,2.819666240210542
E0CXN5,mice_elastic,,
Q6P1H6,mice_elastic,1.307215183796916,0.9226154190442535
Q8BGT1,knn,1.4259503645674823,2.763180093855203
E9Q1K0,mice_elastic,1.7493776288077438,1.3314218545429262
D4AFX6,mice_elastic,0.7840072958676731,0.11071965933291965
E9QK16,mice_elastic,0.4364668838266419,0.32467101306407087
Q6P6J0,knn,0.1934345846869133,0.5111436685857951
Q8BH51,knn,1.2410358509888606,1.5001359277048234
F2WWK6,mice_elastic,0.9335082188833208,0.8474654403890843
Q3TCU2,knn,5.122604199464405,7.171691601567721
Q6P9R4,knn,0.7416790511376012,1.3059009586158767
B2RPW2,knn,2.1256885428892747,2.801391505485538
E9PWC8,mice_elastic,,
Q91X84,mice_elastic,1.7388973838940183,0.47134163048846234
P07742,mice_elastic,0.6264527504916362,0.43639334070748553
C9K0Z9,mice_elastic,,
E9Q2Y9,mice_elastic,,
B1APT1,knn,0.48145791456944703,1.122466860011707
Q3UDW8,knn,0.5008917082897736,0.6244003050732638
Q8BMF3,mice_elastic,,
Q3TDQ5,knn,0.6339452048570281,1.2973729884819636
Q8BFX1,knn,0.8892708991788136,1.3178907243343594
D3Z1M4,knn,0.978183691941425,1.3472524888039539
Q91V16,mice_elastic,,
Q6NWV4,knn,0.5205127270256599,1.0071423405680688
A0A0J9YVJ2,mice_elastic,,
Q6P5F6,mice_elastic,,
F8VPP8,knn,0.6155635568106614,1.155205404527598
Q8CCP0,mice_elastic,,
Q91W18,mice_elastic,1.2951656990582703,0.8577123614579351
B2RY58,mice_elastic,0.29975442783994116,0.06571755886195725
Q91YE3,mice_elastic,0.29161094782571884,0.23579794836761805
Q9CWN7,mice_elastic,,
Q3TG64,mice_elastic,1.9283108061346963,1.1378989543993154
Q3USC0,knn,0.9420514427298369,1.3057625001485726
O35598,knn,0.053973320449502475,2.4584701024165208
Q8CI75,knn,0.3675941339835909,1.5529942045112795
Q99LX5,mice_elastic,,
B1AXI9,mice_elastic,,
Q8CF89,knn,0.7584808149516128,1.0011738836602624
Q3U0V3,mice_elastic,4.609159880792953,4.364421522009801
A0A0N4SW50,knn,1.434109428462815,1.9933135768406136
Q8CFW8,knn,0.7629391813998074,0.9829934753546034
Q6PFF0,knn,1.0228328900720172,1.279304810812126
Q8CHT3,mice_elastic,1.011008803881344,0.14719951556252647
Q2M2M8,knn,1.055761143619456,1.5062174699178439
A6H6T2,mice_elastic,,
A0A140T8K9,knn,0.13301593436144524,0.8370562055604877
Q8C804,knn,1.0050839311959487,1.6636004398233952
Q8VDZ4,knn,0.4567314592897661,1.0158725045355923
F6ZDS4,mice_elastic,0.6819887365125076,0.1498712482812436
Q3TA88,knn,1.5981131900594916,2.0326184373892713
Q9WVC3,mice_elastic,1.336340766727294,1.0023114523078935
A0A0G2JG35,mice_elastic,,
Q9DB52,mice_elastic,1.6117556754068185,0.667912820572034
Q9D2U5,mice_elastic,,
Q3TGB1,mice_elastic,,
Q53ZN9,mice_elastic,,
Q8BGT6,knn,0.7698410952938939,2.1547573953661843
D3YTU3,mice_elastic,0.7610342658597093,0.5245521345533499
Q8CII5,mice_elastic,,
Q80XP8,mice_elastic,1.624794372150287,1.243587947662663
Q3TYI5,knn,1.5534058975668201,1.7559456935774318
Q91V36,knn,4.549218422917291,4.789071759198687
D3Z383,knn,2.1928920648242824,2.2315848558249853
Q8BS40,mice_elastic,0.6169981943152764,0.5055497815027019
B1AXS6,mice_elastic,0.8582777021832751,0.8328027148331278
Q7TPM6,knn,1.1776587239184866,1.27013024813741
Q549T4,mice_elastic,,
G3X9Y1,mice_elastic,2.970296708738327,2.900940512987882
Q91Z78,knn,1.2503732427380616,2.0791359090487567
V9GXE4,mice_elastic,,
A0A1W2P7K2,mice_elastic,,
A0A0N4SVY3,knn,0.6044932548739016,1.7205138953036132
Q3UKN2,knn,0.5517327031467893,1.3634670312411168
Q3U9C4,knn,0.6321833955762104,1.2056999938292345
Q8CEC5,mice_elastic,1.500324917256087,1.3372141482238908
O54851,mice_elastic,2.0017520293544124,1.2856790522834676
Q3UK38,knn,0.44990381489371245,0.7581752593559634
P29788,mice_elastic,,
Q3UZU8,knn,1.2344443610347602,2.4162128883691643
Q9ERL0,knn,0.7961791197093802,1.074849865957058
Q8BY56,mice_elastic,,
B1AR50,mice_elastic,,
Q3U4Y4,knn,0.632830331525318,3.3746485007163964
Q99JR6,knn,1.1634250688015852,1.3934230451907919
A0A0R4J0J8,knn,0.3057777893967785,0.8462863375486315
A0A0U1RNU4,knn,2.349550649788942,5.655648636407023
F7CFT1,mice_elastic,,
H3BJZ1,knn,0.7957157060606594,0.8977768387845699
Q4FK31,knn,0.6385954805577289,0.7502430728670488
Q3UNI1,knn,0.1137582530395441,1.3504590166441646
Q8K0Q5,knn,0.15901969130510626,0.842282404906227
Q8BVB0,knn,0.3579753147129087,1.3893279899506572
A0A0R4J260,mice_elastic,,
D3YZ98,knn,0.5790703139314625,0.9775601772433946
Q6ZQ18,knn,0.473007651726537,3.123112848352298
Q9CR23,knn,1.3452865102106153,1.514500724177341
E9Q5A8,knn,1.0264291203430398,1.7964858500538172
Q3ZAQ4,mice_elastic,0.8599935118527199,0.5297908816685584
A2AWP6,mice_elastic,1.686926938350354,1.2734811314623464
Q3U2S1,mice_elastic,0.9113002350212072,0.7875997377225756
Q61161,mice_elastic,,
E9Q3A0,knn,0.759048698609056,1.1296379432795811
Q3UD03,mice_elastic,1.2969347481444544,1.2396225080556242
Q69ZP3,knn,0.21317235291126171,1.8626928473444422
P70451,knn,0.12702921847328427,0.5310568928806638
B9VU59,knn,0.8080834697952061,2.254119771391195
Q60675,mice_elastic,,
A0A0J9YUT8,knn,0.5002920459889094,2.8763628969695985
Q80U23,mice_elastic,1.1375331133619424,0.2746990683927109
F7APP3,knn,1.5078582957149267,1.5931540032154115
Q3TDB0,mice_elastic,2.6445907958061583,2.628357935662278
A8CVP4,mice_elastic,,
P62340,knn,0.7707662208542535,2.70129760391625
Q8R124,knn,0.4949950963039579,1.3017961590149687
Q5SGK3,knn,0.06308161685063512,1.1465680953591753
Q9Z2X2,knn,0.6648434357794235,2.200288269199944
Q498A7,knn,1.2851560737670067,2.1806720206595687
Q8BK77,knn,2.0342529500745776,2.0962483605044673
F8WI18,mice_elastic,,
E9Q6G4,mice_elastic,0.9340201847416464,0.8109510639816356
Q9Z1B8,mice_elastic,,
Q3TJZ7,knn,0.5405274028804185,0.9610707361777231
Q3UPU3,knn,1.4767183702480104,2.9479436831590355
Q9D1M7,mice_elastic,,
O88792,mice_elastic,,
Q6PD19,mice_elastic,,
A0A0U1RQ85,mice_elastic,,
Q3TJB5,mice_elastic,2.5153096116272637,1.6533837896495653
A0A1Y7VM77,mice_elastic,,
A0A0A0MQB7,mice_elastic,1.3724508777862663,1.3697375263874179
Q61686,knn,0.1769151713685558,0.2826853373568753
Q8BT51,knn,0.869887152736165,0.8748959841802955
P61329,knn,0.6858569340073892,1.2268302173173637
B9EIU3,knn,2.1582231501389515,2.650488082709616
A0A158SIT8,knn,1.0249303046392864,1.3097179272310204
A1L0V6,knn,0.719707032418249,0.8749374591696184
Q8K409,knn,0.7484408684634636,1.9652626459854643
E9Q6A7,knn,1.072210140180395,2.1865196564621976
A2A473,mice_elastic,,
Q8VDD8,mice_elastic,0.6745145239191686,0.565930157286572
Q9D9H8,knn,1.4691172960495185,1.7352338747309852
Q1HL24,mice_elastic,0.6613363700399527,0.025394807459987248
Q91YQ3,knn,0.5148294767935042,0.7012928772059451
Q9D666,mice_elastic,2.4471150505740984,1.7509224432319788
B2RPY3,knn,0.5667056771792441,1.3956407528759918
Q9D903,mice_elastic,,
H3BL92,mice_elastic,0.9625100255569948,0.4893625463364995
Q3UNC0,mice_elastic,1.484641790785067,1.2379753330539167
Q08024,mice_elastic,,
Q149L6,knn,0.9453130984872228,1.9585362411140765
Q8BL95,knn,0.15735733054146145,0.839079322878825
P19123,mice_elastic,,
Q3TK15,mice_elastic,0.847908081259384,0.7861767807164425
P0C7N9,mice_elastic,,
Q543U1,mice_elastic,,
Q0VG93,knn,0.638568989345426,1.1241767054672394
L7N1W8,mice_elastic,,
Q9DA08,knn,0.3133377018486645,2.3209135886586947
Q8R151,mice_elastic,1.094857056793476,0.5966339806664471
A0A0G2JFZ4,mice_elastic,2.168322955550714,2.0258511213025536
E9Q507,mice_elastic,,
P21614,knn,0.4007274870745012,1.6700940137311597
Q9DBX3,knn,1.063476019085069,2.867919761122211
Q3USP9,knn,1.0720509975674795,1.855079575508652
F6UDR6,knn,5.412617250103254,5.620851532874036
H7BX33,knn,0.6607377807707109,2.321756894996831
A0A0J9YUG5,mice_elastic,2.3889299127752275,0.305955593610237
Q3TXR9,mice_elastic,,
Q14DT0,mice_elastic,1.4077503383152952,0.1362768713201791
Q8R3P6,knn,1.3469676478967072,1.555995184347257
A0A0R4J2C6,knn,0.41260863528134273,0.9300945853097048
Q8K0C2,mice_elastic,,
Q3TKD1,knn,2.2589470632489386,3.2074732750555244
E9QMA2,mice_elastic,,
B7ZWP1,mice_elastic,,
O08532,knn,1.2031079917597436,1.4818829336230783
D3YWC2,knn,1.2426297772697703,3.2680105165302344
A0A1W2P7U1,mice_elastic,1.0529206669381983,0.257539020838169
Q9D6T9,knn,0.3263463747093203,1.0963148770868778
G3X9T8,knn,0.43008102673704923,0.8676836224716834
Q3UGS6,mice_elastic,0.4234671364522623,0.09890433281590368
Q544C9,knn,0.24829265099904518,0.6485560722542769
Q3U3C9,knn,0.8078648107199802,1.6018571976374254
Q45TP8,knn,0.7751146040697146,1.882064967873851
Q8BHJ8,knn,1.7126502074068157,2.5140704369773217
D3Z6S1,mice_elastic,,
Q3U0U3,mice_elastic,2.933434179294298,2.6955967349075465
Q921U7,mice_elastic,,
Q9DB32,knn,0.15201664405649853,0.6849566807283466
Q3UDC0,mice_elastic,,
Q62179,mice_elastic,1.8708597206027677,1.6681561421382618
Q91YN0,mice_elastic,0.38788187175593875,0.021426279647509816
A0A023T778,mice_elastic,,
Q9D7E3,knn,0.09079067337469318,1.7296133940037854
Q8BPA8,mice_elastic,0.7809176667450005,0.29471491784964765
H3BKT0,knn,2.169482743451497,2.202524294187992
E9Q156,knn,0.802850622952915,1.0012318699483551
Q69ZX6,mice_elastic,1.3955075668617667,0.22878493313410078
F2Z3U3,knn,0.4856091132737637,0.8440412028457311
A0A2I3BQ91,knn,1.6857949436506416,2.357308904748781
Q6IWE3,knn,3.3480554107306415,5.544734654495438
Q8K0S5,mice_elastic,,
Q7TPD5,mice_elastic,1.1064209236275004,0.20293805769493703
J3QM82,mice_elastic,0.1166945001789921,0.07807418819162804
Q8BM72,knn,0.46660290306196206,0.7857878962593035
E9Q4Z2,mice_elastic,0.7866403463251329,0.24829847691890675
F6ZFU0,knn,0.37335521801488536,0.6867548826950276
Q80YR9,knn,0.39028377126161146,0.4757283744946088
J3QNW4,knn,1.8546266414739554,3.2416424297854105
Q9D1R1,knn,0.5473299224965181,1.4506818777343238
E9Q0D4,knn,0.40693122032233364,0.9624006216839669
Q6ZQH8,mice_elastic,,
F8WGQ9,mice_elastic,0.4196037051548242,0.1449453702664817
Q3UD01,knn,1.9799684739462262,2.376803350155305
E9Q2S9,mice_elastic,,
Q542H7,mice_elastic,0.4378804697446089,0.3316956732191835
Q8R0G3,knn,0.43387834558200633,1.0554557670963969
I6L970,mice_elastic,1.2041386005005035,0.9183387602251245
Q8K190,knn,0.24606546679542107,0.8262282077983815
D3YWI4,mice_elastic,1.6427789976477931,1.2050231849543096
F6XC25,knn,1.0439806520678439,1.922813790396925
A0A1W2P7X0,knn,0.4044823907578123,1.4943734066276724
G5E8Y8,mice_elastic,,
A0A1B0GT63,mice_elastic,0.3826976683374996,0.057916920459231136
Q9CXV3,knn,0.632339469045952,1.8137634370977245
A0A077K846,mice_elastic,0.8572624802104558,0.7827384486147432
Q3U5F4,knn,0.37265858187283624,0.6145625053888291
Q8BU33,knn,1.0331054917418,1.5128686675462524
Q541Z5,knn,0.34860469866181887,1.1751438689920886
A0A1Y7VJ29,mice_elastic,,
Q9DBG7,mice_elastic,1.7126839116413064,1.17304380383099
Q3UVH2,mice_elastic,,
Q9CPU4,mice_elastic,0.9422382978039237,0.9408530032338636
F8VQL9,mice_elastic,,
Q544G1,knn,1.7184542909219243,3.0067494330980997
F6V6B6,knn,0.9918869275749738,1.6043488869113465
Q3U430,mice_elastic,1.5651874496825886,1.100653158169062
Q8CB77,knn,0.8165866434795243,1.6198008327262285
A2AF33,mice_elastic,,
Q3UYQ4,mice_elastic,,
Q02614,knn,1.7372851256175204,2.108330553876988
Q4FJY3,mice_elastic,,
Q91V57,mice_elastic,0.46535647021710125,0.22759177003472997
P0C7M9,mice_elastic,,
Q8CAB3,knn,0.9747068895676053,1.3003563803170584
E9PX24,knn,0.5788540694813304,0.6106071786897475
E9Q159,knn,1.1357020229361998,2.3042540915401224
B7ZNX2,mice_elastic,0.19886524340660913,0.12286831977879628
B2RX15,mice_elastic,,
P97346,mice_elastic,,
Q8C561,knn,0.9308955722398374,2.133350626106681
Q8C5N9,knn,0.3502418109472837,1.2321308177137513
B2RQQ8,mice_elastic,,
Q3TLZ6,mice_elastic,,
A2AKV9,knn,0.6073658532864091,0.9948226272418563
Q8VH37,mice_elastic,1.0100788285293285,0.019704771988359793
Q3UT02,knn,0.4046061878047882,0.8062267682507419
Q8CFW7,mice_elastic,1.1436820944401442,0.8629628252381492
Q6PIJ4,knn,0.887923835399453,1.3107488897393316
F8WGI9,mice_elastic,,
Q8BPS4,mice_elastic,,
A0A0U1RPG9,mice_elastic,,
Q3UY00,mice_elastic,2.010234370273058,1.6809334124019915
Q8K394,knn,0.309049543903127,0.6025488779335528
B2RS27,mice_elastic,1.6417105216436823,1.5308482975617435
Q8CC86,knn,1.7667671254686812,2.444159157594874
H3BJX1,mice_elastic,,
E9Q9D5,knn,0.41578147519009023,0.6276318174151803
Q4U2R1,mice_elastic,,
Q0VG49,mice_elastic,4.7282520497809974,4.431649532578526
Q8K2C1,mice_elastic,,
Q9ESJ4,knn,0.3827214099717024,1.1874001750656833
J3QP99,mice_elastic,2.9733219704542737,0.8304329293830229
Q8BTW7,mice_elastic,0.3429499622595772,0.3090995832559524
Q3TK27,knn,1.8295586580845953,2.199451650869507
P61406,knn,1.1847371416481114,1.5851044232215987
Q8VDI7,knn,1.1358400198154432,2.0255774285092305
D3YTU2,knn,0.6749871456550496,2.461964397832857
A2AFQ9,mice_elastic,1.0217362864824795,0.19813709785277148
Q9WVH4,knn,1.0560501561266253,1.6207036722923398
Q9D3B1,mice_elastic,,
Q9JL04,knn,0.04841449673810735,0.3863758875836385
B1AZ46,knn,1.2468497867395936,3.2823897235395063
Q148T0,mice_elastic,,
I1VGT5,knn,0.7775943175384383,1.5262042021664353
A0A1B0GT05,mice_elastic,,
E9QMQ3,knn,0.6781461548068497,1.2481924430207885
E9Q912,mice_elastic,0.9699425217095106,0.8679733400514108
E9PYB0,knn,0.5524508066070352,1.4191615943875957
F6WJA6,knn,1.1139860910996786,2.2742685456894476
Q3TLR3,knn,0.014857456981754658,0.3365417286300656
A8Y5G5,knn,0.43558889051295174,0.7457602401610787
A0A0G2JFF1,mice_elastic,1.465835719287143,0.6173190678451969
Q3V0K9,knn,0.5768897946148642,2.7009951836915
A0A0A0MQ69,knn,1.190374279188828,1.9735591336157157
A0A2I3BS14,knn,0.7123435689102611,1.538966459564092
P63137,knn,0.04363502667936433,1.7196674983385853
Q3TRV0,mice_elastic,,
Q3THN2,mice_elastic,,
Q501J7,mice_elastic,,
Q8BWY4,knn,0.8853013242938708,1.222307887148043
F6XD87,knn,0.36050894799861555,1.1580794338013651
D3Z730,knn,0.10552688186312885,3.0471445499541594
Q9D1M8,knn,1.1840559012636138,1.3737715377796682
E0CY16,mice_elastic,,
E9Q5D5,mice_elastic,,
Q148P2,mice_elastic,,
Q9DB98,mice_elastic,,
O88508,mice_elastic,,
O09005,knn,0.6052377667701169,1.2347799665119816
G3UXK5,knn,0.2671689294718151,0.941797075989325
Q3TB79,mice_elastic,1.0096411602709083,0.8927855268268116
Q9D2R0,mice_elastic,,
Q3UH45,knn,0.7046225550363273,0.919909433908226
E9PYL2,mice_elastic,,
A0A0R4J091,mice_elastic,,
Q8C089,knn,1.056505615323002,2.2416879359437822
Q9CQX6,mice_elastic,2.327183854736276,1.6977460078125992
Q8K0D7,knn,0.11280448033656744,0.9228864718069685
A2ATS6,mice_elastic,,
Q3TJL3,mice_elastic,0.6681942813048506,0.517278821274272
A0A0B4J1G5,mice_elastic,1.4898002095030833,1.1975995302481077
Q3TZ17,mice_elastic,,
H3BJZ7,mice_elastic,1.229960101884026,1.0164864531858813
Q6XLQ8,mice_elastic,,
S4R287,mice_elastic,0.7839606737459855,0.7252445746881598
Q8VCH7,mice_elastic,0.8165544052133299,0.7341958293634954
Q3TBU7,knn,0.18035449522859973,0.7544719913885262
Q8BUR5,mice_elastic,,
F8WGX5,mice_elastic,,
D3YUS5,mice_elastic,,
P54116,knn,1.555038400637178,1.6938209775488056
Q9D6W8,knn,0.3069774720340636,0.8042824505703869
Q91WG2,knn,2.1902814601591514,2.735662087408098
D3YXP6,mice_elastic,4.2768308509345,3.088594301092129
Q3UZN1,knn,0.9273171342969874,1.5427354539261078
Q8VBX0,knn,0.6953937904610703,0.7420087921079377
Q3URN5,knn,0.651405535003789,0.7596096934269747
Q9R059,knn,1.2713175938943544,2.2298259960673614
E0CYK4,knn,0.35245733852173233,1.7402620472427242
G3X8R2,mice_elastic,1.148102154224664,1.141568007233363
S4R1B9,mice_elastic,1.2735131853039516,1.1450040846417824
Q3U184,mice_elastic,,
Q8VE38,mice_elastic,1.063686533703313,0.9698726568634318
Q3TCI2,knn,0.0599657339481934,0.6806555686404415
Q3U605,mice_elastic,,
B7ZNK7,mice_elastic,3.9432617091382083,3.114478598618792
Q9JLJ1,knn,1.3229608587314978,1.6799736292267542
Q8BS95,mice_elastic,0.7547715957466049,0.1509996742035592
Q9DB75,mice_elastic,,
E9Q9G8,knn,0.6013476916445423,0.8632114538981129
Q8BFW6,mice_elastic,0.7191327568017741,0.3014095449131737
A2AKU9,mice_elastic,,
Q9ET22,knn,1.0044923915084287,1.4433131433801805
Q4FK56,knn,0.10715292305745641,0.36145868517579344
Q14BL1,mice_elastic,,
Q71FD5,mice_elastic,,
Q3UGB8,mice_elastic,,
Q924A2,mice_elastic,0.7768418059857978,0.48286635107188713
D3YWJ9,mice_elastic,,
Q922G2,knn,0.7241363226912141,1.738411624345187
Q3U7B7,mice_elastic,,
Q6PHQ8,knn,0.9040774998786324,1.136219835569518
Q6P5F7,knn,0.5202013355594629,1.5854590127479689
Q9CR13,mice_elastic,,
B2RRF0,knn,3.776025753568097,3.8107559263816437
Q6P4T1,knn,0.3414881346676509,1.5903102829339115
Q8JZR2,knn,0.7234403338265145,3.7107023223669042
Q8CA71,mice_elastic,1.033378306554475,0.8524206864457066
D3Z3A8,knn,0.6176293198594546,1.948524890186281
Q3UM57,knn,0.8251499941343271,1.6001116624107508
Q9Z2I0,mice_elastic,1.4048313392101015,0.8624932172126556
B7ZNA5,knn,1.0150380209908259,1.6301259045281116
A2RT28,knn,0.8270927298280526,1.5186281227918572
Q2TBE6,mice_elastic,,
E9PYH6,mice_elastic,,
Q8BZP5,knn,1.3698216987738105,1.9525900971620487
Q8BXA5,mice_elastic,,
Q8CFV9,mice_elastic,,
B1ARU4,mice_elastic,,
Q32MD7,mice_elastic,1.6841052155419398,1.2685344745401073
Q9Z0P5,knn,0.5029120847614797,1.0243775736139795
Q9D8P4,knn,1.2198932783201635,2.8800803906044785
Q8K097,mice_elastic,0.2987412758260682,0.22006373261479031
G3X956,mice_elastic,0.6112483254146575,0.5150228641826569
E9Q5N7,knn,2.2532364821569004,2.992902335537052
B2RX77,knn,0.38442849795726824,0.8569178612555434
Q6KAQ0,knn,0.8023226658966589,1.7744251710167254
Q9DAZ7,mice_elastic,0.8145266206777954,0.7337282388859864
Q3TPW0,mice_elastic,0.5713993486221174,0.5638050556834582
Q91WD0,mice_elastic,,
Q66VB7,mice_elastic,,
Q8K4P0,mice_elastic,,
Q3USH5,knn,0.737499672802375,1.644734063833614
Q99KW9,knn,0.8699755487855347,1.3630862760403577
P28028,knn,0.06210942034712096,1.2858395779539498
Q3TKN7,knn,1.6511793513841964,2.480469818336984
Q9R0X0,mice_elastic,,
Q80SX9,knn,1.3385696557981712,1.622658785534
Q3U5Y4,mice_elastic,,
D3YTY9,knn,1.5912208237859364,1.897224932847301
G3X9H7,knn,0.015482698648450584,1.0029149517710605
Q3U4M7,knn,2.851381607712051,3.3653160585609316
Q8R149,mice_elastic,,
Q8K0T2,mice_elastic,,
A0A087WSK7,mice_elastic,0.8761542456850061,0.09555619056534771
Q8VEH6,knn,0.7121091300112973,2.08545541014639
Q3URU8,knn,1.555191166437422,2.3476874037960553
Q9JJY3,knn,1.58027842568401,2.3055592647449155
A0A0U1RNL7,knn,0.24601684733512247,1.463070027648163
Q8C080,mice_elastic,,
Q9CZX7,mice_elastic,,
Q8C3I8,knn,0.48898127073111575,1.8876441181295107
Q922X9,knn,1.2535254167990115,2.0164082216032773
Q8BJS4,knn,0.47902276179532277,1.2128155796607565
F6SWU2,mice_elastic,,
B2RXS3,mice_elastic,0.21980659854153725,0.042303181984102295
E9QJS0,mice_elastic,,
Q8VE92,mice_elastic,0.7338431182332943,0.6453009963328983
Q8K2V6,mice_elastic,,
Q8R3F9,knn,0.17805019175066492,1.2891093147201407
Q3UG90,knn,0.5979834930156633,1.5576931328514334
Q9ESP1,knn,0.011225107419051635,1.2774460603409579
Q9ERG2,mice_elastic,,
Q6WIZ9,mice_elastic,,
Q6A085,knn,0.29435159490351154,0.9551626770619511
P70207,mice_elastic,,
A5D6P3,mice_elastic,0.2063998079662837,0.1217685363854003
Q6QI06,knn,1.0138795789308164,1.21553347978336
A2RT57,knn,1.1476635070699495,2.3041187784126143
A0A0G2JGP4,mice_elastic,,
Q5EBG8,mice_elastic,,
Q3TAH3,knn,0.827210720271289,1.002747099986031
Q8BHJ5,knn,0.12529833986597322,0.9088803567522369
Q8VE19,knn,0.9309522819502236,1.9039324100367299
Q9QWW1,mice_elastic,,
Q640N2,mice_elastic,0.8988749043520194,0.17694237650301956
A2RTI3,mice_elastic,,
Q6P6J9,knn,0.03767582457431849,0.22918246128320327
E9PYE2,knn,0.17920358832425884,1.985159337039742
B2RRE8,knn,0.856156013931397,1.5304239772975559
Q91WB7,knn,0.6658950714875271,1.2763502951336376
A0A2I3BRJ4,mice_elastic,,
Q9DCI9,knn,0.8142399583224399,1.5151711391664298
Q9D7K2,mice_elastic,,
D6RDB5,mice_elastic,2.441906867114798,2.10405027622859
Q80ZV0,knn,0.5380468633676837,1.511554366146165
D2XZ37,knn,0.1349576038114743,2.070302027393414
Q8BNL6,mice_elastic,1.035667083755121,0.8330479878469799
Q3TYJ1,mice_elastic,0.5025381691945227,0.42366434958198
E9Q1L5,mice_elastic,,
Q9DBU8,mice_elastic,,
Q5HZI8,knn,1.8547888718010799,2.4899161120211177
P63300,knn,1.2586606582656155,1.294091555493679
O35317,mice_elastic,,
Q3TTE7,mice_elastic,,
A0A1Y7VLM5,mice_elastic,0.22001191985194105,0.15421624585838456
F6VF29,mice_elastic,2.546587213347287,2.3940006760686057
B1AR69,knn,0.655999131809887,0.7580736719711615
Q925I8,knn,0.50505051283816,0.506312723051702
Q99KN2,mice_elastic,1.5330344133792924,0.9795802866329308
Q569V6,knn,0.3827896480937693,0.7231425659422652
Q69Z43,mice_elastic,1.943485600321902,1.0399573447032062
Q6VVW5,mice_elastic,0.2785334496476543,0.19950882554458227
Q9EST3,mice_elastic,,
Q9WV35,mice_elastic,,
Q8BHA0,mice_elastic,1.5225301922377217,0.8766811241233405
Q9CRC0,knn,0.08084596432355322,0.5898651366125727
Q8BLN5,knn,0.17462724031698026,1.658515132131104
Q9CPW3,knn,0.7043907717544404,0.8763681059105609
Q9CQ28,mice_elastic,0.3078812856369785,0.031492132969446834
Q61097,mice_elastic,,
Q8BKY8,knn,1.35517631395082,1.9501756257793148
Q8BS26,mice_elastic,,
G3X9N3,knn,0.5030282067803429,0.8491666966387209
A0A1B0GR06,knn,0.06140394739756903,0.5446870105922321
Q9CR02,mice_elastic,,
Q9D0G0,mice_elastic,,
Q0P6I6,mice_elastic,1.57117127068526,1.1880489744362837
P07903,mice_elastic,1.765727194506409,1.5956238771769156
Q8CAK1,mice_elastic,2.6944614178315573,2.1981963197155596
Q3TM08,knn,0.5236873988317194,0.6968217089295148
A0A0A6YVZ1,mice_elastic,,
Q5XKE0,mice_elastic,0.48265999992329706,0.08833297194035826
Q61672,mice_elastic,,
Q9CXP8,mice_elastic,,
Q3UZ62,mice_elastic,,
P46412,mice_elastic,,
Q9CQV5,knn,0.03541514385789801,0.2605566269853948
Q9D3X9,mice_elastic,0.679668508950196,0.3606594309306007
G3X934,mice_elastic,3.098893945202631,2.263873449158114
G3UVU9,knn,0.8462787849158198,0.8828920795582021
Q8BH78,knn,1.0759588417122417,1.4695745907361868
E9QP09,knn,0.7856138873830075,1.3644806566008523
Q6NVF8,knn,2.291140474936487,2.4767965573754704
A0A0A6YY72,mice_elastic,,
Q9D0Q7,knn,0.9883916342403795,1.377680416339573
Q62028,knn,0.5211203240526839,1.503719633063882
Q5XLB0,mice_elastic,,
Q8BW22,mice_elastic,,
B2RUM8,knn,0.8263329664182051,0.9443708477658268
E3SRG7,knn,2.290843594474819,2.866046514991562
Q8K297,knn,0.6631571459508957,1.499111892180234
Q91YN9,mice_elastic,,
Q66I45,knn,2.151441167234343,3.623489684132591
E9Q1P8,mice_elastic,1.3488606308279052,0.9896233668019296
F2Z3W1,mice_elastic,,
Q3TGW2,mice_elastic,,
A2AIL4,knn,0.8782795690996882,0.9821049651521317
Q8R2L0,mice_elastic,,
Q8BQP9,knn,2.312422087214523,2.7061977213296924
Q9D0V7,knn,0.7816939450409377,1.1693237701457881
Q14BB9,knn,0.7127525985309737,0.9601196030703405
A2ABU4,knn,0.23934841538804866,3.0644159167796876
Q8K2Q7,mice_elastic,1.5206615998132804,1.1809650235141125
Q4L0E7,mice_elastic,,
Q8K1J5,mice_elastic,0.7929602223011275,0.7626255829036325
Q9EQK5,knn,3.3286403242488665,3.448787879390912
K0BWC3,mice_elastic,,
Q544U7,mice_elastic,0.7072424363746619,0.34741681388369394
Q3TCI8,knn,1.2672564392970562,1.8137976016857027
P04345,knn,2.0884795686228754,2.440468650212259
Q8K0T4,mice_elastic,,
Q8BLR9,knn,1.3604521583884361,1.841739802441702
Q9DB93,mice_elastic,,
Q8K2M0,mice_elastic,,
Q8BMB0,mice_elastic,1.6339812037244026,0.6479822318272578
Q6ZQ29,knn,0.9395986173118251,1.1348035581145817
P51885,knn,1.145576729552937,2.527015999853914
G3UY52,knn,0.9747964675799494,1.4798419582587112
Q80U35,knn,1.1951249971764126,1.2842817919011205
E9QP54,mice_elastic,,
Q9D1F0,mice_elastic,0.9754065809940713,0.5624706869951053
Q8CBY0,knn,0.8892223905065401,2.2997481237630506
Q9D4V7,mice_elastic,1.137204394271859,0.006770984792322708
Q91ZZ2,mice_elastic,0.8148674035176082,0.7248214909131038
E9PZP8,knn,1.647816315379936,1.7911639648932929
Q5F283,mice_elastic,,
Q8BVA2,mice_elastic,,
Q9JJ59,knn,0.48805864534530125,0.627295538874546
Q5SV02,knn,0.5732614427789919,0.9279512544492783
P60761,mice_elastic,,
Q04692,mice_elastic,2.044062779807826,1.4427818092333844
Q3UUN5,knn,2.5895394015763316,5.384743364389615
E9PXB9,knn,0.6556484854088405,1.057994937472861
Q9D1B9,mice_elastic,1.0682857121345237,0.963325544713244
Q3U7U3,knn,0.5799248772052927,1.928908228479938
E0CZ04,knn,0.12329863539880076,1.260082324120187
Q8BJL0,mice_elastic,,
Q3UET7,knn,0.4515017896047671,1.3196929806274798
P70232,knn,0.4674332270118433,2.3592695375940442
Q3UVV3,mice_elastic,,
Q80X32,mice_elastic,,
Q99JP6,mice_elastic,1.065536381499267,0.8071141394493708
A2AQU8,knn,1.3744659880421768,1.750133961346238
Q9DCL2,mice_elastic,1.0365828342669265,0.6656812760398796
Z4YJY0,mice_elastic,0.8975389554291596,0.869476408839957
E9PZW7,mice_elastic,0.418584609373311,0.22318492448132496
F6XTP0,mice_elastic,,
A2A8L5,knn,0.18167704495448753,1.9989839357892434
Q8K0B2,mice_elastic,0.9145126694560344,0.5963825976598799
H7CHP8,mice_elastic,,
D3YZC8,mice_elastic,1.7072462677814635,0.5150739904654843
O35969,knn,0.01566513904732962,1.6167784437007346
Q9CXE2,mice_elastic,1.2680251840693724,0.9961168726627373
E9PUL5,mice_elastic,,
Q922R1,mice_elastic,0.8434841556607172,0.41709940081845787
E0CY07,mice_elastic,0.27756944980771386,0.26637920909603574
D3YZU5,knn,0.668102119767454,2.9910309745350956
O88374,knn,0.6257549467666976,6.509857642596498
Q9CVT6,mice_elastic,,
Q3UMB9,mice_elastic,3.3638923436968993,3.2254102240902225
E9PZ91,knn,0.6479493730099318,0.933449782044034
Q4V9Z5,knn,0.7708621335744333,1.0282233061767045
O09130,mice_elastic,,
Q8VCE6,knn,0.18642109222263142,0.36050667398375325
L7N203,knn,0.8062359930990941,1.8601357714384288
P57080,knn,1.7285803140217502,3.2806811615328555
Q32M02,knn,0.2614086500219015,0.7562454908880062
Q3UFX9,knn,1.25395000502191,1.7075477807798833
Q9D4J7,mice_elastic,,
G5E886,knn,0.619188156133207,1.1227841805722143
P97449,mice_elastic,,
Q9CQA5,knn,0.6673821978302176,0.9385176149039333
Q3TWN5,mice_elastic,0.8127169894080846,0.3079049351361581
A2A6Q8,knn,0.9110124407226394,1.3068443490271726
Q9CQG1,mice_elastic,0.9012583510933683,0.7248363817448753
Q9Z2L2,mice_elastic,1.2514661228641653,1.0962458422266153
Q3UHU5,knn,1.2168411895748281,1.4580105319478789
O54692,mice_elastic,,
A6H624,knn,0.47139424106239736,0.5505345436901263
P33175,knn,1.9522185155446887,2.0036765597843713
A2RSH4,knn,0.43816855680464617,1.3621358835116262
Q9DB10,knn,0.17940901250359015,0.4671759144895684
Q8VEB3,mice_elastic,0.46999281460842934,0.04546857517845688
Q60936,knn,0.9398361191396405,2.366775585390768
Q9D428,knn,0.22022137917132986,1.4267893881673293
A0A0A0MQE8,mice_elastic,2.9615218420217535,2.8613159190516857
Q04857,mice_elastic,2.4690073940322983,2.123739402314591
Q8C076,knn,0.8756477121659476,1.057102874475519
Q9CQ73,mice_elastic,0.8838595559383408,0.02215909849072178
A0A0G2JDF7,mice_elastic,,
A0A0R4J0F9,knn,0.8605976631104787,1.1596011878952606
A2CG20,knn,0.6027739566748175,1.2480737307412861
Q0VBD0,knn,0.41223784534497215,1.9917525686581574
B1AS06,knn,0.02647752031915616,0.07601129201157004
Q3TQC7,mice_elastic,0.6413761010864041,0.5614203037726464
Q66JX5,mice_elastic,,
Q9CXJ4,mice_elastic,2.1164192877823393,1.2290395022778706
Q5U4C1,knn,1.3666272337089598,1.5140043792061908
A0A1B0GSH8,mice_elastic,,
A0A286YCB4,knn,1.0100108926557427,1.223602226087841
A0A0N4SVI4,knn,0.27002481065048095,0.5822969694439822
D3Z5N6,knn,0.2489895746820007,1.0128863261078838
Q9CZV8,knn,0.8205666437700415,2.2764857730389774
Q9D7N6,knn,0.5455756210776151,1.9203802993954564
A0A087WR13,knn,0.7018758818603609,2.2839552917802455
A0A0G2JGD2,knn,0.9580500166526968,2.402227988437677
Q811U4,knn,0.4724708230285059,1.0116059888813453
Q8BND3,mice_elastic,0.6123959145706265,0.4926901322755159
D6RFU9,knn,0.8418532279919382,1.109477818013141
Q8BSX8,mice_elastic,,
Q60989,knn,0.6783510059262067,1.6083486835464094
Q9D1X9,mice_elastic,,
Q9ER73,knn,0.8782961287266733,1.9036928705687284
Q70KX6,mice_elastic,1.4474386881424794,1.430319809367401
Q91ZS8,knn,1.7171919835020573,2.40438220944843
H3BIZ7,knn,1.18337498969633,1.2357010616036155
Q5SWD9,knn,0.49952094110364714,1.4966754977065948
P22599,knn,1.1819990523674808,1.5841862797429418
E9Q411,mice_elastic,,
Q9CXU1,knn,0.4805575007650826,0.9192961921242523
A0A509,mice_elastic,2.4512286337659304,2.0242051394032283
Q9ESG4,mice_elastic,2.3458188853975317,1.1480741164383657
Q91W61,mice_elastic,2.426573781762618,2.0443102751612616
Q8BRB0,mice_elastic,,
A0A1W2P8C2,mice_elastic,,
P41230,mice_elastic,,
Q61112,knn,0.5909723691584416,0.7822038297497834
Q5F293,mice_elastic,,
Q8CI86,mice_elastic,0.8911323060692442,0.4507416338670128
B2RXR7,knn,1.0381696587549245,2.9325577580149176
Q8BJC1,mice_elastic,,
Q9D258,mice_elastic,,
Q8BP40,mice_elastic,1.3177569535448765,0.9666150515356398
Q9CZN8,knn,1.6283026865064587,1.7417008637237017
A0A140T8R7,mice_elastic,,
E0CYH4,mice_elastic,1.2244867701080482,0.7928031721801612
Q9JKN6,knn,0.2678221700321971,0.9779238131401057
Q8CEG5,mice_elastic,,
A0A0G2JEG6,mice_elastic,1.1493255329159777,0.9526233411573092
A0A1L1SSA8,mice_elastic,,
Q3TWY6,mice_elastic,1.3179301286026026,0.8475432681925638
Q69ZA1,knn,2.9179597594198543,5.497749161819446
Q8C4U3,mice_elastic,1.4403389555554638,1.0179326140561173
Q8VCE7,mice_elastic,0.19524232959935756,0.05893291380330548
A0A1W2P7Q6,mice_elastic,,
Q3UNN4,mice_elastic,,
Q8VHY0,mice_elastic,1.8453654467035996,1.0913231396701004
Q61733,knn,2.5457381303011952,4.476593883405727
D3YU60,mice_elastic,,
Q8BNZ1,mice_elastic,,
Q9CZR3,mice_elastic,,
Q4GX45,knn,0.4092631986916411,1.5888887355624794
Q3UEK9,mice_elastic,,
A0A087WRP7,mice_elastic,0.47557832140233236,0.3278415673099276
Q2M4I9,mice_elastic,,
Q5SF07,mice_elastic,0.9513886149017674,0.8253630933544462
Q8BHJ9,mice_elastic,,
Q3TWN3,mice_elastic,,
P97772,knn,1.4589074164720184,1.8784856771335292
B2RPZ7,mice_elastic,,
J7I1C3,mice_elastic,0.15948274615831198,0.051510660474478207
F6XYI9,mice_elastic,1.6319931741972733,1.0818976786374899
A6H6S8,knn,0.21649669458698798,0.7293942608620081
A4FUT9,mice_elastic,3.210867000097904,2.3235024425555824
G3UZ31,mice_elastic,0.5776282007283825,0.5000952385579153
Q5M9J9,mice_elastic,5.351994963441873,4.338914555412905
D6RI20,knn,2.411767673683038,4.227888524840057
Q3UE75,mice_elastic,,
Q8C4S9,knn,1.1454027715110877,1.6898185356355755
Q5BKS5,mice_elastic,,
Q9CSZ1,knn,0.8828086355711656,1.606497613694382
Q3UYD3,mice_elastic,0.6331772114724656,0.5642780032678643
Q545C7,knn,0.32434727773886113,0.3704930475715203
A6H5Z3,mice_elastic,1.2545261237535277,0.5257920705337704
Q3UH86,mice_elastic,0.912293153428851,0.8114835152055532
Q7TS81,knn,0.5149135089197148,0.8109748584635306
Q3TB65,knn,0.0187117242840218,1.3569479180742747
E9PYT3,mice_elastic,,
E9PYN2,knn,1.3489250353547448,2.0184434210049162
A6H659,knn,0.34483444509864963,0.43544745047461647
Q3UTB8,mice_elastic,,
Q64105,knn,0.7807431462088197,1.6494708750162164
Q8K339,mice_elastic,0.5355977274429927,0.16753567807924755
G5E8B9,mice_elastic,3.6207899590993238,1.945039418575617
Q9D0P8,mice_elastic,3.3805280012754597,1.8610828383064406
Q3TWY9,mice_elastic,0.376837598479788,0.22444514051158568
Q91WA4,mice_elastic,,
Q9CPR5,mice_elastic,,
Q9ES34,knn,0.08203626466314032,0.27454036572523616
Q8VCN5,mice_elastic,1.2834921894832099,1.0348372841246993
A0A286YDG5,knn,0.6868555431256412,2.139140637024502
F8WH58,mice_elastic,1.2948749545736953,1.0445434492099672
A0A0J9YUN2,knn,0.15214332477162335,0.5696559588348385
Q99J48,knn,1.5972974963581694,2.4907974583161936
M0QWZ1,knn,1.539960730512042,2.321478650896668
Q91WM2,mice_elastic,1.475618561979221,0.8608097101583193
A0A1D5RLF1,mice_elastic,,
E9Q688,mice_elastic,,
F8WJ31,mice_elastic,,
Q8CIV8,knn,1.3161150394793746,1.9235070492549693
Q8CFR0,knn,3.0956110105469103,4.008876060693097
Q78YZ6,mice_elastic,,
Q61625,knn,0.33292572619419847,1.4487241398711002
Q3TV20,mice_elastic,,
B2LVG5,knn,0.5449755309633304,0.7369583863513816
D3Z3F8,mice_elastic,,
D3Z0B9,knn,3.5589596591297643,4.133554901028677
A0A0U1RNL1,mice_elastic,0.3923449900848575,0.33817942295557196
Q80UI5,mice_elastic,,
Q544D1,knn,1.7102734477192545,1.8100981359251538
Q8C407,mice_elastic,1.1391436652596982,0.9094545444826747
G3X9D3,knn,0.46228001296615345,1.2985880903128326
Q924T2,mice_elastic,,
A6H611,knn,0.7002509246319829,1.4259053508913122
Q3UJN9,mice_elastic,,
Q8CHE4,mice_elastic,,
Q3UGB7,knn,0.9248587353280546,2.31604239773884
Q99L85,mice_elastic,,
Q4FJM3,mice_elastic,0.8170874973472033,0.46497507976349295
Q91ZE6,knn,0.32017798233950373,0.5788274407257517
Q8C166,knn,0.5381689027379363,0.7548920010808975
Q9CPW2,knn,2.032229149218051,2.0863945435774083
P50543,knn,0.6189578590919734,0.7512458252301515
A2AMS3,mice_elastic,,
Q9R022,knn,0.8413953219610607,1.0156148824914062
Q8BHT6,mice_elastic,1.5581847224657397,0.18198024712973812
A7TU71,mice_elastic,0.381926713917884,0.2268455011205947
O08576,knn,1.2080188426589085,2.2899125479204896
Q5NCH9,knn,1.5581257684986203,2.2606352052467544
Q5DTP6,mice_elastic,,
Q8VHB4,knn,0.752949151142117,5.107692886157142
F6TS96,knn,0.6586595899549059,2.594335049880651
E9Q3M0,knn,5.421787099971507,7.307250715877852
Q5NDA4,knn,1.5174380120199624,2.281672557543324
Q8R2Y2,mice_elastic,,
E9Q3M5,mice_elastic,0.7750512743634456,0.22550690662251932
E9Q8I9,knn,0.969073697753217,1.556773825762552
P70280,knn,1.4057234521399475,1.4423851840981854
Q8VDT9,mice_elastic,,
A0A0R4J1J1,mice_elastic,,
Q68G54,knn,0.06174595458140343,0.14207194151963168
B1B0C7,mice_elastic,,
Q8R1K1,mice_elastic,,
E9Q6Q4,mice_elastic,,
Q9CR37,knn,1.062689248466865,2.117364014260607
Q80XJ5,mice_elastic,,
P52875,mice_elastic,,
A4FUS0,knn,1.221045006491415,1.8654579109642244
P56183,knn,0.08650764735736916,0.7745900731449302
A0A0G2JDP0,knn,0.6517911417120659,0.7152301917954295
Q5H8C4,mice_elastic,1.0182452941285476,0.18633048580907674
Q8BKP1,knn,1.374961099789993,1.6823646466690358
A0A2C9F2C1,knn,3.1027166218886504,3.734466136516853
J7NUP1,knn,0.7900230725910209,0.955262795420063
Q8C4B4,mice_elastic,0.38451654945930797,0.3605872322953856
F8WHS8,mice_elastic,1.4569551859414391,1.1344436539828135
Q62101,mice_elastic,,
E9PUL6,mice_elastic,1.404382036385138,0.2116971718245835
I7HPY1,knn,0.6887128670134715,0.8307141274570371
Z4YLT8,mice_elastic,,
Q9QUR8,knn,0.06461772751364238,0.37508001129083635
Q8CFE4,knn,0.8323233484873153,0.9774888269994244
Q5F285,mice_elastic,,
Q6KAU3,knn,2.289769748013557,2.4154653954908225
E9Q3E3,mice_elastic,,
S0DHL8,knn,1.2224472346852635,2.3604236011221706
Q8BTG3,knn,0.5645342026256158,0.8224794851417693
D6RIQ3,mice_elastic,,
Q9CQ06,knn,2.8171965315172924,2.856405001795713
Q9CPN8,mice_elastic,,
A1L341,knn,0.7648383001779064,2.2348238254936947
E9Q6T9,mice_elastic,,
Q9D7E4,mice_elastic,,
Q99MX0,mice_elastic,,
B2RPU2,knn,1.1774409164315127,1.2163581617679737
Q9JJ28,knn,1.1423221260143115,1.8447715488702112
Q8C7E9,knn,0.8884426143533674,1.1100121294674918
Q8BGR1,knn,0.8799797698224302,0.985437773380469
Q8BXL1,knn,0.9900078733765907,1.0836891029960647
Q9CY16,knn,0.6401057133276638,0.8886710861935089
A2A791,knn,0.10669063287224569,0.245392048541193
D3Z7R5,knn,0.8167685836090653,1.089986610792734
A7YY80,mice_elastic,1.6612466794492082,0.9761640922683241
Q80T41,knn,0.5413964684732671,1.4452359706453326
Q3UQ85,mice_elastic,1.4473416288028818,0.721976391101125
Q8CE90,mice_elastic,0.339138169423127,0.2419888236801492
Q8C297,mice_elastic,0.7374232925359417,0.6773983698713832
Q9D4G5,knn,0.5196501809781833,0.8009439708201621
Q8QZT6,mice_elastic,1.1490262424543016,0.690443087665717
E9QNI1,mice_elastic,1.2895827259671029,0.29462630701015696
D3Z3T8,knn,0.7104221870463717,0.742362798176487
Q3UVK0,mice_elastic,,
Q9D1N9,knn,0.01559129208592004,1.4865573820872569
J3QMC5,knn,0.36785713269081427,1.4845855868333453
B9EIE8,mice_elastic,0.6965703774089569,0.5018947726417073
A2AKV7,mice_elastic,2.7171592525130595,2.4041736374067137
Q4FJT0,knn,1.393284684070253,2.2367389121443977
P30115,mice_elastic,,
Q9D8V7,knn,0.3478773420825188,0.9376987642987152
Q8R0Q6,mice_elastic,,
Q9CWU9,mice_elastic,,
Q9EP53,knn,0.9301488988495323,2.618199456668196
Q3TD37,knn,0.5274460950133636,1.878756032804554
Q6PFY1,knn,0.31627334034091587,0.5650895645803081
A0A0R4J060,knn,0.0881607177284274,0.09701353805807138
B9EKL6,knn,0.088045250170574,0.7937805362175578
Q3V384,mice_elastic,,
Q9DD02,mice_elastic,1.957190656892543,1.6352217551848316
Q9CRA9,mice_elastic,,
Q922A3,mice_elastic,,
I6L9D3,knn,0.7246694557216975,1.1987351610795378
Q3TXV7,mice_elastic,,
D3Z0K6,mice_elastic,,
Q99M08,mice_elastic,1.288759651400813,0.040652781198250686
D3YUW8,mice_elastic,,
B2CSK2,mice_elastic,3.3058331619990455,3.2186578273809094
Q9WU01,mice_elastic,0.8833108549538792,0.5676342770739548
Q3UI84,mice_elastic,1.4250544675745216,1.2582685715195712
Q8BXR1,knn,2.4637398073405876,3.4964013310337174
Q9DBS8,mice_elastic,1.6918583148987705,1.059874083372941
Q8C7D2,mice_elastic,,
Q50HX0,knn,1.4275367839074016,2.181178482345372
Q8BGH7,mice_elastic,0.9605161898609579,0.3806641119277955
Q3TAJ6,knn,1.2723905351024276,2.51061582971396
H7BX15,knn,0.3117200552213886,0.7050502936769771
Q8BIJ7,mice_elastic,1.0772167212321115,0.9318326026809456
D3Z316,knn,0.24875824344975547,0.46293966700032607
Q3U5V2,knn,0.5514997503448361,0.6452500292094461
Q9CXI0,knn,0.40544579514966345,0.5420328865191345
Q3UXU8,mice_elastic,1.25838019010404,1.216828553595847
Q3UYK7,mice_elastic,,
Q9D173,mice_elastic,,
Q5SUE8,knn,0.7010485754221475,1.0464018866691558
Q9JK38,mice_elastic,,
S4R2E1,knn,0.47462151323736723,1.3442797899348615
A0A286YDP0,knn,0.0325966000900378,0.32168209127250413
Q8BTE0,knn,1.4053270440357006,2.5458723020679193
A7YL62,mice_elastic,,
Q3TQ29,knn,1.8603992321876992,1.9460135837985977
F7CC56,mice_elastic,,
A6PWX1,knn,1.0710615015416245,1.2982843434150813
E9PUF7,mice_elastic,0.1551465488230588,0.1423259144773372
Q9CQF8,mice_elastic,,
Q5U4G4,mice_elastic,1.1045264858091919,0.8452944551608174
Q62511,knn,0.9330416252291179,1.5219321330750741
Q571J5,mice_elastic,,
Q6KCD5,knn,0.715272328715135,1.5475483475690817
Q99LI5,knn,1.5524017031866297,1.8457434451198533
Q3U8Y1,mice_elastic,0.8696409856638266,0.515302898645771
Q9D3H2,knn,0.8097872101252103,1.7079775676183768
A0A2I3BPY7,mice_elastic,2.509232274053749,2.3560054024393664
Q541T2,knn,0.6918299714539226,1.8477703545391462
Q3TCN2,knn,0.9439827551383054,1.940165875779735
Q8BJH1,mice_elastic,1.5106271453919908,1.2634542263611523
Q7TNU7,knn,0.3338832845078866,0.9753254158350343
V9GX00,mice_elastic,2.3403659530142087,1.3468077568764931
A0A1W2P7R5,knn,0.2696941479425613,1.0369396415043541
G3X8S2,knn,0.9781258256804157,1.6628714130594722
Q542A1,knn,1.224843136536227,4.09174151596215
Q3UVD6,knn,0.4010642247485145,0.6082828935003456
A0A0U1RPX7,mice_elastic,2.1745484467856575,1.9555310772514376
Q6PCM2,knn,1.2591313681311596,1.351284917157711
Q3UPB9,mice_elastic,1.3634923733757658,0.25038204346707904
A0A1D5RLV7,mice_elastic,,
Q9CR56,knn,0.20974963888104736,0.2770909518511315
Q91XX1,knn,0.9020328003408027,1.5221343436792278
P0DJF2,knn,0.5458576987315306,0.7045107388431653
Q6ZWR0,knn,0.15523047880201937,0.5029915551376591
Q8CC21,knn,0.2010663381848046,1.0028918927518733
Q9D1I6,mice_elastic,0.8087935005440247,0.296167542710978
Q8CDV2,knn,0.532911892617404,2.062163134505607
Q921S7,mice_elastic,1.421788687801694,0.8631223948284332
Q9R061,mice_elastic,0.9854933134071407,0.919434992238248
Q8CAZ9,knn,0.40172048278639866,1.0752261490893293
A0A286YCI0,mice_elastic,,
Q8BK66,mice_elastic,1.1411560188114562,0.6360643428842606
A0A0A0MQM6,mice_elastic,,
Q8BH60,knn,1.114696140194427,1.9638974594544076
F8WIA3,mice_elastic,1.0156520529331012,0.8623635578968885
Q8K1N1,knn,0.5126324899204567,1.0697355595722584
Q8R1F0,knn,0.02395987708490102,1.0191450546790517
J3KMQ6,knn,0.5055243501957281,0.5969426382543036
P21447,knn,2.2994498359953885,3.8401340021198003
Q9JJD0,knn,1.0786602733508823,1.3978741736903215
Q8CE18,knn,1.0827111060755945,1.9119393053260796
Q9D1M1,knn,0.6418539049800859,0.890058079644695
B6YY24,knn,0.1176272663935483,0.30324311731247877
A6X919,mice_elastic,0.3199046508231896,0.27723741323169804
A0A087WQQ5,mice_elastic,,
Q80W37,knn,1.054347559836199,1.6745551487530652
Q9JIH2,knn,6.61745331175812,7.942231695449239
D3YUI7,mice_elastic,,
Q3ULP8,knn,0.4135766334749594,2.3840872858128446
A3KMD2,knn,0.03557411695356649,0.17915059639433425
A3KGA5,knn,0.33023295353195414,0.5235143194983338
G3X9V7,knn,0.41577523656033,1.245207541702814
A0A087WQN7,knn,0.9195862739998044,1.4461258262293604
Q9CZH3,mice_elastic,,
E9PYT0,knn,0.4076000277582396,0.6313504833293255
Q91X52,mice_elastic,,
Q9CQJ1,knn,0.3608061676090468,0.5915599876132979
Q8K3A9,mice_elastic,,
Q8BKE9,mice_elastic,0.6311618764746229,0.6030463825099083
Q5DTL2,mice_elastic,,
S4R1W1,knn,1.4502955655020162,2.322913885149334
Q8R1H0,knn,0.17029531150999225,1.1095451429323218
Q9D4H1,mice_elastic,,
Q8QZY4,mice_elastic,,
Q8VBY2,mice_elastic,,
Q8K0C1,mice_elastic,0.31800305002125007,0.2204604814142642
Q3UII2,knn,0.5329995928698626,2.0711423184765567
Q00898,knn,1.0235576191251046,2.080869342161727
A0A2C9F2B5,knn,0.9233302821044311,1.5048968234655358
Q99JZ9,knn,0.40620053879621626,1.070511300846413
F8VQK3,knn,0.2554206089042721,1.3843286130569104
Q3UHT7,mice_elastic,0.791163505594054,0.5734380834397793
Q91VS8,knn,1.028762237990913,3.1552790230658934
B2RTC8,knn,1.5813716033147494,2.3119779507983984
E9QAB6,mice_elastic,,
B9EJ80,knn,0.4993340097551258,2.0544968626206854
Q6P1J0,mice_elastic,,
Q3UYU7,knn,1.6992290222092967,1.7303015920348204
A2CG63,knn,1.0812107681097367,1.923729551473835
Q9QWV9,mice_elastic,1.707783130379191,1.4094251190426783
A0A075B5P6,knn,0.5481071489827707,0.8421360964503786
E9Q0A3,knn,0.27303492863925605,0.7521839136819531
Q6NT99,knn,0.18499078257019574,0.4171998353639039
Q541B1,knn,1.7627628577761965,2.157067074375231
F7CVW0,knn,0.12596754525398002,0.74011022613439
Q8C4W3,mice_elastic,,
Q7TT04,mice_elastic,3.7059001200977937,3.594620387180381
Q3TZN6,knn,2.153287114918979,2.2497704331219164
B2RU90,mice_elastic,0.4045695228947586,0.0024457299629478913
Q3TXU5,mice_elastic,0.6329824661059997,0.21081592027955817
Q9JJZ2,mice_elastic,1.5165762979326627,0.8142298089570936
Q80TG9,knn,0.7010510423917898,2.591456354592686
Q3TZG8,mice_elastic,,
B2RS09,mice_elastic,0.2937339626334714,0.1349601304844987
O55222,mice_elastic,0.6058829947241026,0.2338445100446414
Q9CY62,knn,0.3448621642671391,1.1373179998544451
Q8VDM1,knn,0.012700717470747592,0.6592574903961554
B2RQH0,mice_elastic,2.906879272937431,1.9976667791318432
Q99KD5,mice_elastic,0.9777415757853791,0.8563075288555696
Q8C3X2,knn,1.4351532689748738,1.6288976966384174
Q8R3C7,knn,1.50782056549759,1.6072689885922842
Q05BF0,mice_elastic,,
Q53YY4,mice_elastic,,
Q3UGJ5,knn,1.6201436128144853,1.743272872443964
Q9CPS8,knn,0.7429528061280687,1.2180226385732615
Q6PAM0,mice_elastic,1.7797496833612514,1.4187501916464993
Q9CWI3,knn,0.18657825563767508,0.5418313991701563
Q9QUI3,mice_elastic,,
A0A0J9YV56,mice_elastic,,
B2RUA5,mice_elastic,0.1255308565666431,0.0295627835722125
P83741,knn,0.3934722310425699,0.7131487883808404
Q3UHD9,knn,0.6610401250861618,0.9414402359556202
A0A0R4IZZ6,knn,1.6403484805169144,2.836360308382109
Q8CDM8,knn,0.5108259993031886,1.9279783007406903
Q8K1R3,knn,1.5390754825400477,1.5759890993346304
F8VQF9,knn,1.0641823341023826,2.6352941163715298
A0A0R4J065,mice_elastic,,
Q9DC48,knn,0.7422083514191617,1.0044952461635626
Q9CQE3,mice_elastic,,
E9QMH7,knn,1.1134833505179667,1.2899460044096434
F6WM75,knn,0.5951855875734114,0.6120610139214737
Q8K0C9,knn,0.5484166783491577,1.311699725420822
B2RXL5,mice_elastic,1.9255933495104938,1.7587712171872496
P50427,knn,0.5884010050555523,0.8474805007274199
A6H6E9,mice_elastic,,
Q99K23,knn,0.585118296928579,0.7569599439389822
Q8BWV2,mice_elastic,,
D3Z3Z3,knn,0.2947872496497102,1.0816975408260365
Q3U9H3,mice_elastic,,
Q52KB8,mice_elastic,,
B1AVF2,mice_elastic,1.4235864432017455,0.4142295647302175
Q8BMI0,knn,0.7526787478515727,1.7492405999495166
D3YVU0,mice_elastic,0.2971426525862867,0.05346574103045368
Q545V5,knn,0.22321272344324908,0.6331030862010754
Q3UI43,mice_elastic,,
G5E8J3,mice_elastic,,
Q9CZK0,knn,2.12426064952621,5.004595747687566
Q9CQS4,mice_elastic,,
E9Q6H8,mice_elastic,,
Q9D3N8,knn,7.3336184415478565,8.503230896051443
P56389,knn,1.7591631886134824,2.569210193828699
Q9DCC1,knn,0.7483633503084305,1.3658447756247323
Q8VHX6,mice_elastic,1.7869090479099083,1.4684954978190279
Q9Z2D1,mice_elastic,0.9660487932564252,0.16301168038552957
H3BLL2,mice_elastic,0.6728632075633878,0.5958018435125126
A0A1B0GSR3,mice_elastic,,
A0A2L2P595,knn,0.9954074135643336,1.4026032943405748
Q3U3Q1,knn,0.32853336808712186,1.2282061904902357
A0A0G2JDW2,knn,0.8469099254169139,0.944416354269431
D3Z5K8,knn,1.0349833913071216,1.4357893910657202
E9Q3L1,knn,0.706799494993413,1.0583396227729334
Q8C419,knn,0.9005780994128583,2.6868933174004592
B2RUJ2,knn,0.9653058883001978,0.9922357108001455
Q3UL40,mice_elastic,3.8632682762908566,3.02544657207891
Q3TGG2,mice_elastic,,
D3Z5P0,mice_elastic,1.4815652133067365,0.6106869497226735
Q8C2E7,knn,0.06183839688638287,0.6400492372669232
Q9DCU6,mice_elastic,2.029619888007941,1.863684841666952
J3QP80,knn,0.43340248247775137,0.5659890416633981
F6RQN3,mice_elastic,,
Q3URF5,mice_elastic,,
A0A158RFV1,mice_elastic,,
B9EIX2,knn,1.6383893895660557,1.9937529512197985
Q3TCN5,mice_elastic,,
Q5HZH8,knn,0.7429022831955286,1.269852160390969
Q3U6G8,mice_elastic,,
Q330P7,knn,0.0030360349323036813,0.1180542405989666
Q65ZC0,mice_elastic,,
Q5SWZ5,knn,2.333630845798523,2.5024438181609114
G3UWH9,knn,0.3691312591317754,0.6578978814855957
Q9D708,knn,0.11336095947422554,0.3088269121835823
Q8R1G2,mice_elastic,,
Q3UHK6,knn,0.7202051599593934,1.0231738816169451
Q4QQP1,knn,0.8386618071244779,1.6174290001029066
Q3TDP3,knn,0.4207493647376128,2.164333675488903
Q8BLH7,mice_elastic,,
D3YZC2,mice_elastic,,
Q78J03,mice_elastic,,
Q8R3U1,mice_elastic,1.3836214628113686,0.8734813186818342
Q8CHX7,mice_elastic,0.18984199538343421,0.1614654335201532
G3UYG6,mice_elastic,3.1455285869026803,2.4679941492194795
Q3UYM1,knn,2.2573033753670244,3.393823893696519
Q9DC28,knn,0.5989972016238216,1.1642954842762896
B7ZNH7,mice_elastic,1.5675677343901626,1.3407928870746926
E9Q1Q9,knn,0.4382620942510916,1.4480140959881398
Q9JK37,mice_elastic,,
Q8C4Q6,knn,0.4725536413367006,0.5066127977031156
A0A1D5RM90,knn,1.1122251922079924,1.9286402727201497
A2RSX7,mice_elastic,,
P97825,mice_elastic,6.790275911840017,5.753602276164054
A2ASR8,mice_elastic,,
Q9QXV1,knn,0.38286260463869104,0.5475583661325415
Q792A4,knn,0.26180653637016654,3.0354505490020376
Q80W22,mice_elastic,,
Q8CE96,knn,0.2070355707908357,3.8245947771299154
Q5NCR9,mice_elastic,,
Q6PEV3,mice_elastic,1.0911709238024314,0.986482974582505
Q3TPC7,knn,5.4994318758047465,5.908828787660836
F6SPQ1,knn,0.42213236873310683,0.8076012026061149
Q8BXL7,knn,0.45383669265254695,0.63554064347828
Q61687,mice_elastic,,
Q2NL54,knn,0.6029613545419639,1.5341066448303657
Q543M9,knn,0.7284247432841519,1.2235836593329201
A0A1Y7VK76,mice_elastic,1.8708524162836069,0.9917023264390368
D6RCG2,knn,0.45226424055426373,0.49821377226743996
Q52JJ6,knn,0.6381931423362905,2.131536840378681
Q80W68,knn,1.177545647219965,1.3378670295450112
A0A0N4SVA0,knn,0.32546962583708916,2.020493437206186
P62876,knn,0.7592552005090837,1.3920063937730185
Q921W0,mice_elastic,,
Q545G5,knn,0.8936152804177762,1.2878194374241319
F6SPK0,mice_elastic,0.3618792196761799,0.08520291802335528
G3XA57,knn,0.7911538503720967,1.237557264147284
Q3UYC1,knn,0.9594739845280428,2.4680591477289777
Q921Z5,mice_elastic,0.7463649047508958,0.24797107731011758
D3YV13,mice_elastic,0.7146850833339442,0.4152564983388447
Q8C108,knn,1.931685882152644,3.6533579562773415
Q9Z1T1,knn,0.0436631781692723,0.4109220750506654
Q8C8Y1,knn,0.5670440940816666,0.6164394594136744
Q8BVK3,mice_elastic,0.5348917173506536,0.5127048756154576
O88665,mice_elastic,,
B2RWY6,knn,1.0332204930624729,1.5159772471458917
A2AW05,mice_elastic,1.9375429201136172,1.6258756603601632
S4R1C4,mice_elastic,0.5338576664063768,0.044052281787496955
O88951,mice_elastic,1.0286614232901259,0.2634938118923284
Q3U2A8,mice_elastic,0.3460416234949878,0.1664662596825736
Q80WT5,knn,0.0458196571879898,0.05151661487440324
E9QN59,knn,0.3637261948541862,0.3646029286088915
Q9D1T2,mice_elastic,1.2590657500610882,0.2954024718483037
Q9D4H2,knn,0.4882587212546544,1.0024945692415062
Q9JK42,mice_elastic,,
Q3U4R0,knn,0.11282130051701286,0.37642072539151095
Q0VF62,mice_elastic,0.8202244881774131,0.07797606286508456
Q9R1L5,mice_elastic,,
Q6GQT1,knn,0.2938984893186919,2.150063925593603
Q6PGC1,knn,0.30871864460345544,0.5504105137734804
Q99JX1,mice_elastic,,
D3YWK1,knn,0.7793580759286811,1.346957578089072
B2RTL5,mice_elastic,,
Q8BM39,knn,0.3578790952249084,0.43844464126362215
E9QNF7,mice_elastic,1.1403953150674135,0.7067246969420978
Q8CJ19,knn,0.9139284472419482,2.036203400641768
Q9DCS2,knn,0.3944090024913861,0.7556031996741568
Q3UEM7,mice_elastic,0.6871936947386736,0.5738474676051367
Q149F1,knn,2.244357196043723,3.0830846722513567
D3YYL1,mice_elastic,,
Q9CU65,mice_elastic,1.3616665413926388,0.7020741595049824
B2RRM5,mice_elastic,,
Q8VCX5,mice_elastic,0.4849305139700867,0.34056963431632803
Q3TTF2,mice_elastic,2.2826082999023094,2.0741889577708723
Q3UPY7,mice_elastic,,
Q99N92,mice_elastic,,
F8WHT3,mice_elastic,0.3476093554173178,0.0656136610799184
Q3SXD3,mice_elastic,0.3417283210069047,0.3239852390930196
Q3TSP0,knn,0.3585254386362464,2.9791616231571925
Q9Z120,mice_elastic,1.1364902000129238,0.4707872568203659
Q542I7,knn,0.2948881893666658,0.47169565017406107
Q3TDA1,knn,0.7738196657714942,1.4162568762508516
A0A0A0MQB8,mice_elastic,,
D3YZN4,mice_elastic,,
A0A1L1SSA3,mice_elastic,4.964495851811183,4.165377506816436
Q8C132,mice_elastic,1.2884085819195166,1.2432132177889788
Q9CQ13,mice_elastic,1.0399451020364172,0.6114100543128685
A0A0R3P9C4,knn,0.8270074726585405,1.9711589096918536
B2RPW5,mice_elastic,,
Q9ERA0,mice_elastic,,
Q3UPG1,mice_elastic,0.6996345051266306,0.4212081234187792
Q6ZWQ7,mice_elastic,,
Q9D8Z2,mice_elastic,,
A0A0A0MQK7,knn,1.9117916941522297,2.4505005968491904
Q9CQ18,knn,0.13410528555718151,0.6908365244831876
Q547B4,knn,0.5311447096124189,0.6129507912610358
Q8BVF2,mice_elastic,,
G3X915,knn,0.44637698669222314,1.45889801719805
Q9JL60,knn,1.4146424101831132,1.7019087871677456
Q3UD58,knn,0.07381517619362653,0.5978286481836421
Q80Y55,knn,1.1012607247581538,1.6312266358503953
Q8BG40,mice_elastic,,
Q9D071,mice_elastic,,
P35505,mice_elastic,5.228598477425217,5.165151323282505
Q497V8,mice_elastic,,
F8WHN4,mice_elastic,,
Q8QZV7,mice_elastic,0.2644236681862408,0.016452154322913446
O70572,mice_elastic,,
A0A0A0MQ99,mice_elastic,1.9128449292515954,1.8393327951931653
E9Q1V5,mice_elastic,,
K7Q751,knn,0.20030011483068655,0.7536084955915177
Q9D0I4,mice_elastic,,
Q3TIR3,knn,0.3535586480521648,0.6830577463918014
Q3KN99,knn,1.047307046051856,1.4194156575665013
Q99M31,mice_elastic,,
O35668,knn,0.5055792117512462,1.6636167875561707
B1AXI2,mice_elastic,,
Q3V1L7,knn,3.984256301377554,4.330503681163858
Q924S8,knn,1.4539311272072037,2.1087897640927897
D6RJ61,mice_elastic,,
Q62159,knn,0.7332356111515614,1.9638326536499149
P70271,mice_elastic,,
Q3UGT3,knn,0.9909498049375938,1.0603546841421005
Q5EBJ4,knn,0.5880630427093366,1.897949266016277
A1L0V7,knn,0.9803712782483114,2.250236950697069
Q9EPL2,knn,0.0631928519627,0.08130867722493594
Q0PD45,knn,0.28972245103352373,0.5811950259985008
Q9JI59,mice_elastic,0.6370266939175834,0.5547371534608397
Q5U430,knn,0.7529108068713869,0.7979317370040075
F8VPY2,knn,1.6137579362785581,1.9909214787836853
I7HJQ8,mice_elastic,,
B7ZWA9,mice_elastic,,
Q80ZI6,mice_elastic,1.3874430235420192,0.6805480276179331
H7BWZ1,knn,0.3715601733479818,0.8649286981257258
A2BGN7,knn,1.1130104851867022,2.5800160057880337
Q9D658,knn,2.0302554758327913,2.835063930911021
E9Q5F9,mice_elastic,2.198088848254252,2.0585452930737502
E9PU87,knn,1.130372745497072,1.7482117446697851
Q3U7K4,mice_elastic,0.7197332364952941,0.710245786446901
B7ZNA3,knn,0.27727881535449184,1.6882417487912253
P28574,mice_elastic,0.8935758368249549,0.07866209970414884
A0A2I3BRT5,knn,1.115906942229652,1.5494072421016722
Q3U4Q5,mice_elastic,0.7000313178062928,0.46158440624503766
Q8BYM8,mice_elastic,,
Q3TLS3,mice_elastic,0.7801634842275903,0.3610728968148261
Q3US65,mice_elastic,2.637389273022492,2.412570978505445
Q6P5H6,mice_elastic,,
Q3UKR3,knn,0.9437073301026578,3.7316863922022785
Q8K4F5,knn,0.6998915096155724,1.1240209556008365
G3X9N1,mice_elastic,0.933645176244184,0.5404988749630603
Q8VC91,mice_elastic,,
E9PXC2,knn,1.9568808413806127,2.8922093571913265
Q7TMB8,knn,1.560289811931279,4.163647543040548
Q3UH26,mice_elastic,,
Q03145,mice_elastic,,
Q99L69,knn,1.0172836111932757,1.9979497826544368
Q8BGN2,knn,1.3637202065000469,1.5827079158025081
G5E8Q0,mice_elastic,,
Q9DBY8,knn,0.8501265077679261,1.607887967952462
B9EIC7,knn,1.3581324489701907,1.4943239352212472
Q9CQL5,mice_elastic,7.023555532379931,5.720584889364899
A0A2I3BQS6,knn,0.07291962021549932,1.2939771493562313
Q8R1B0,mice_elastic,1.36028901666484,1.1284820426759068
B1ASU9,knn,0.9088739379497142,2.663451653290331
Q8C205,mice_elastic,,
Q6PHU5,mice_elastic,1.3146140172527163,1.1292927525499452
Q3TXT3,knn,0.4404444320930025,0.6226847335466686
A0A0R4IZX2,knn,1.0278784397187943,1.673883817257585
P58929,mice_elastic,1.553529445726284,1.1043641043226915
Q9D937,knn,0.5733761370092448,0.6220620224599533
Q8VHL5,knn,0.7274138790546129,0.8411621693139714
Q91YZ8,mice_elastic,2.2013995328656475,2.144954287420728
G3X9Z4,knn,1.9776065570987629,3.881950527863871
Q9CQ19,mice_elastic,4.157924807823345,3.6848178610933853
Q91XC9,mice_elastic,1.0857062753997169,0.21956923917165508
Q8K2V2,mice_elastic,0.4187193433234465,0.07264576998610674
H7BX14,knn,0.9691457630254438,1.5194445433847308
A2AJT5,mice_elastic,,
D3Z6I8,knn,0.7864919583543738,1.8296340937278148
Q9QXV0,mice_elastic,,
Q924W5,knn,0.9829730287408265,1.0661462483709923
Q3UPR9,mice_elastic,1.1601656056140703,0.9743585903544528
Q3TNL1,knn,0.53023482797392,1.2641037549209202
Q3UH70,mice_elastic,,
Q9CQ02,knn,1.192313888085024,1.7455668023965707
D3YUW7,mice_elastic,,
A0A1B0GT88,mice_elastic,,
Q6IQY0,mice_elastic,,
Q8K0C4,mice_elastic,4.4130620523441015,3.3247971059820762
Q8VCG1,knn,0.5931004955118981,1.6321965939041796
Q9D6J3,mice_elastic,1.6357278915149198,0.5324259189815221
Q8CGA0,knn,1.4879643897311068,1.946891964560118
Q3TAP7,mice_elastic,,
A0A286YDU3,mice_elastic,,
Q69ZL4,mice_elastic,,
P10493,knn,0.5837038276644225,0.6957080686905348
Q5SQF8,knn,0.776922138702765,0.8598948318841383
Q8BGR6,mice_elastic,0.8049607429228756,0.6744033458758665
Q8R3R8,mice_elastic,0.6264658478650941,0.6080363870417963
B2RQG2,knn,0.400184081541352,1.1064998894002502
Q6NVE9,mice_elastic,,
A0A0A6YWP9,knn,0.04026351976394078,0.15977248241729883
A2A848,mice_elastic,,
A0A0A7NQN9,mice_elastic,1.0100236376421974,0.16804107468281645
Q5SQ20,knn,0.3806643834772757,1.4062778365850326
Q9CQ25,mice_elastic,1.1551001015944122,0.9698058913077037
Q3UKC1,mice_elastic,1.951635361690649,0.4714956348090953
E9PXP7,mice_elastic,0.9778330370700338,0.39032601941908734
Q921I1,knn,0.9659175413136729,2.0398031573666007
Q5QNQ6,mice_elastic,,
Q9EQ79,knn,0.9413920980317252,1.1913687400732946
Q3UY68,mice_elastic,2.0117772635805906,0.7767190621178901
Q9Z2B9,knn,0.1916265224092983,0.4125799227210271
B7ZC21,knn,0.8138650135773403,1.8879285244472352
Q80WR5,mice_elastic,,
Q9D6H2,knn,1.860178182002532,3.101854796129465
Q3TKQ3,knn,0.4504256861176935,1.995238392437277
B2RW11,knn,0.7207515554487628,1.3590363817710749
O88990,knn,0.5514423157590465,2.428932344032942
Q6ZWY3,knn,0.07976317264298231,0.42706029191584094
J3QMN4,knn,1.459467596048798,2.348443588071494
Q542N4,knn,0.6193430624306244,1.2876892856734208
Q9JJE4,knn,1.557528891040878,2.1576030934133583
A0A068BIT8,mice_elastic,1.0281793562440718,0.034495207174254576
G3X8S8,mice_elastic,0.5797666810464639,0.17449115369547477
Q8BQ47,knn,0.6438150251848054,2.0423846565560564
A2A8Y5,mice_elastic,,
D3Z6S7,knn,5.723629649333766,5.725513516484117
Q8JZL3,mice_elastic,6.701159859345748,5.510949376020859
P17439,knn,0.4205921091551309,0.5015985142421993
D3YV16,mice_elastic,,
K3W4P2,knn,0.8802259182161973,2.5308944582268373
Q8K199,mice_elastic,1.6293143080901646,0.9337872890932203
Q80W00,mice_elastic,,
B2RS43,mice_elastic,1.2697420404231143,0.9820854471411455
Q922M7,knn,0.8715314123548783,1.0494976116548993
O35435,knn,0.4124709743544624,1.158899968409681
B2RWR2,knn,1.3405412115655213,1.5394396685344878
Q9DC36,mice_elastic,,
B9EHY2,mice_elastic,,
Q3YAA8,knn,1.524212209740457,1.7662197064182397
Q9CPQ9,mice_elastic,1.7962789267291002,1.4247874301159071
Q80YR5,knn,1.631929456002876,2.1596531803174472
Q58DZ5,knn,0.09867754561883649,1.4300473685068136
H3BJU7,mice_elastic,,
Q56A13,knn,1.0279580873794554,1.1630050339051978
Q543U0,knn,0.43270923007195905,0.6463132574784567
Q9D385,mice_elastic,,
Q9R0D8,mice_elastic,2.822725887611416,2.641681832128161
E9Q7E2,knn,1.164481240306907,1.180598356760205
Q9CWU4,knn,0.5288607676686261,0.6667770520656392
Q3UU56,knn,0.8273910532932185,1.076750938995619
Q8K2Y7,knn,1.5125492879764169,2.9356806277748038
E9Q5D6,mice_elastic,,
Q9CR59,knn,1.1673494968418223,1.7536109710944228
Q8BP78,mice_elastic,,
Q5CZY5,knn,0.7770822103645526,1.390826052113437
B7ZMT1,mice_elastic,,
Q80WG5,knn,3.3003475015386137,3.9306581536451817
Q3TA91,knn,0.2672104766962233,1.7537935649742749
A2AUM1,knn,1.5897605600079414,2.2984466496755918
Q8VE52,mice_elastic,1.0275640308031622,0.9944916429589723
Q7TQK4,mice_elastic,,
Q3U7F6,mice_elastic,1.4268705165900177,0.6495158171833142
A2AUK8,mice_elastic,,
Q3V2N4,mice_elastic,,
Q8CCI5,knn,0.004087597021723185,0.43680122351077605
E9PXK7,knn,0.1859180107280464,1.3340976578022055
Q80T69,mice_elastic,0.6772763650709578,0.6315244988202839
Q8CBC4,mice_elastic,0.5069685126056709,0.2663214003776623
Q571M5,knn,0.375612594086981,2.4226765511942836
Q9EPE9,mice_elastic,,
Q8BGA5,mice_elastic,,
Q9BCZ4,knn,0.7222999240781378,0.8975987711376459
Q78HU3,mice_elastic,1.7221054151930297,1.7152807345169132
E9Q7P2,mice_elastic,1.4742914237023006,0.9983100799826342
B2RXU2,mice_elastic,1.0124773718940807,0.13634048457304543
A0A075DCV7,knn,0.13097877275716988,3.2697512826830004
Q8BHS6,knn,0.7764449429520499,0.9868577332822613
Q3UGC1,mice_elastic,,
Q14C51,mice_elastic,,
A0A087WP63,mice_elastic,,
F8VQ95,mice_elastic,0.6758985178908573,0.02106786358515199
Q52L87,knn,0.9327672057633283,1.4406979347312796
Q3U7R1,mice_elastic,1.3411068681431162,1.255665261553637
Q542S9,mice_elastic,,
Q9QY93,knn,1.1296528708783604,1.8913863931455341
Q3UUQ7,mice_elastic,,
Q8K2A1,mice_elastic,,
Q3U3G2,knn,0.01630499850777433,0.550529616343054
Q76LL6,mice_elastic,0.723677320684985,0.27753836620279765
W8DXL4,mice_elastic,1.7021943867548628,1.0253130336214316
Q790S0,mice_elastic,1.3991355609066638,1.3782234922807794
Q8C446,knn,1.9366206818257468,3.5091684068465065
D3Z6I4,mice_elastic,1.121510575503166,0.052316142721979465
A0A0R4J058,knn,0.5046225672759928,1.0657189743330107
B2RR84,mice_elastic,1.1939998445823807,0.9026089905745465
Q8VDB3,mice_elastic,,
Q9CPR7,mice_elastic,0.7186716480442372,0.4744721742186719
Q9CR60,mice_elastic,,
Q5FW82,knn,1.8093447303624905,2.1801191455881743
Q8BUY5,knn,1.580583528269477,1.7389329970007303
D3YVW2,mice_elastic,,
Q3UJM9,knn,0.3178743421385439,1.1554977151425376
Q62415,knn,0.14896854830297335,0.43906303814895525
H3BK93,mice_elastic,,
Q3UQQ4,mice_elastic,,
A0A286YDA2,knn,0.7927747282007767,0.905533100159006
Q80VJ3,mice_elastic,1.7788181560747005,1.1843665326126969
E9PYG6,mice_elastic,,
Q8C8N2,mice_elastic,1.02795547333307,0.5906064704377698
O35680,knn,0.9884993375094399,1.5578699455142238
Q80V94,knn,0.9970789079804022,2.8263272983605896
A0A0R4J2B2,knn,1.7232297201066793,2.04163988922234
Q69ZZ7,knn,0.08147611278241919,0.330749497494325
Q8BK72,knn,0.17848327253753446,1.8493223349655956
J3QPR1,mice_elastic,,
B1Q450,mice_elastic,1.461517612650016,0.22645510030813612
Q99MU3,knn,2.7554710865091594,3.386820328435927
A0A0N5E9G7,knn,1.0508779011956728,1.6405180521117653
P83877,mice_elastic,,
Q9D531,mice_elastic,,
Q2VPC9,mice_elastic,,
Q5SS80,knn,1.2535081178786232,3.1789413343053705
Q8BXH2,knn,0.2032217043040144,1.236985595805059
Q3TMP1,knn,0.6196399158134851,0.6431093360092909
Q62311,knn,0.260609887769781,1.916296014788877
Q99L20,knn,0.40454703402214515,0.9186633268880806
Q69ZQ2,knn,1.447675853983182,1.465128272160856
O35972,knn,0.8166697535838369,1.0049306288478665
Q3TZX3,knn,0.7180447764644509,0.8734097425336814
Q8R3F5,mice_elastic,1.3445402180915011,1.1200655512469841
Q99N96,knn,0.09183424512027157,0.20526046391198638
E9QME5,knn,1.6467294440099354,3.679276829812852
Q3UHA6,knn,0.498988275212823,1.2845315526450787
Q9ME04,mice_elastic,,
P27641,mice_elastic,0.36566358202063076,0.26225218694338776
Q9WTI7,mice_elastic,,
E9QJT3,mice_elastic,1.7683254767858994,1.707998745726073
F8WIU1,mice_elastic,,
Q9EQ06,knn,0.3424064565086481,1.2317721130121637
G5E8S8,knn,1.1851554983367365,1.608107468536293
P62700,knn,0.4125232908946854,0.7670223498413253
Q9DBG9,knn,2.623047808606953,2.732076118309306
A0A0A6YWP7,mice_elastic,,
Q9DCH6,mice_elastic,,
Q80XK7,mice_elastic,,
Q8QZT2,mice_elastic,,
Q66JV0,mice_elastic,1.0890856150624473,0.700273005647909
B2RWT9,mice_elastic,0.8779834436024078,0.7988707342836794
Q9CZT6,mice_elastic,0.5979139583259268,0.5410222438531049
A0A1L1SUB2,knn,0.0005376052684910709,0.44041823739725305
A0A0J9YTR2,knn,0.2714868387377825,0.9081121296785447
Q69ZF7,mice_elastic,,
Q8VCF0,knn,0.24809325479567396,0.8495640276737125
D3Z5I9,mice_elastic,,
A0A0U1RPY2,mice_elastic,0.6095116158263569,0.39617387892332145
Q99L27,mice_elastic,0.5010899930024769,0.39252129284200943
Q8CI70,mice_elastic,,
E0CY86,knn,0.5349210781762356,0.7996386205625883
P28665,mice_elastic,,
Q3U054,mice_elastic,,
O88967,mice_elastic,,
Q3TZ63,mice_elastic,0.9223545995762699,0.5747334016999238
Q6PAJ1,mice_elastic,,
Q9DAM7,mice_elastic,,
Q9CY34,knn,0.7956788435498955,1.1511078089558937
Q68FM6,mice_elastic,,
A2RSW6,knn,0.5615139426375829,1.0551569254044324
Q9EQH2,knn,0.39038147152132535,0.4064090772952321
Q6ZPM1,mice_elastic,1.4172079259415986,0.5540096327741993
Q8R4E6,mice_elastic,,
Q3UDZ1,knn,0.3649024013612819,3.166342049170743
D3Z1R6,knn,1.002418369790269,1.282691873810558
Q8C9S4,mice_elastic,2.4603882899531953,1.631800233778897
A0A140LJF7,knn,1.257425242032885,2.1466237493262024
A0A0N4SUV3,mice_elastic,,
Q91ZK0,knn,1.0336079251405534,2.2053992409429886
A0A2I3BRM6,mice_elastic,2.1403736280313788,1.2315325482710149
Q9CXG2,knn,0.16834172446146303,1.1729139704885883
A2A9W7,mice_elastic,,
Q99J29,mice_elastic,,
Q6GQS1,mice_elastic,,
Q91WN1,knn,0.33128734349940986,0.9570523585056419
Q3U4G3,knn,0.33313557187606185,1.6835064279453835
Q9CX60,mice_elastic,,
Q8C4X2,knn,0.329202401222966,1.0076246959906079
Q543Z1,mice_elastic,0.8297198830009374,0.5663684794634409
Q05CJ7,knn,1.2262592978711162,1.8461027576897204
Q8BNQ4,mice_elastic,,
Q8BYN3,knn,0.5918279569854258,0.6470687271380389
A0A0X1KG66,knn,0.4971781605774084,2.2376968321964776
Q8BKI2,knn,1.0560826445665101,1.7081317097474653
Q99MR0,knn,0.970724899569995,1.430156245685965
Q54AA6,knn,0.19744820571826263,0.322692697642045
Q6ZQ74,mice_elastic,,
Q8VC88,knn,1.8759865998791272,2.8896220441408285
Q8CI78,mice_elastic,0.889582488551762,0.009965868184253096
A2A842,mice_elastic,0.6647772199273728,0.06798167600783903
G1UCX4,knn,0.24116185912938132,0.922341660966172
Q544T5,knn,1.3573058938027625,1.5107125703270192
P13634,mice_elastic,,
A0A0A6YVR9,mice_elastic,,
Q8C7V8,mice_elastic,,
A0A0R4J0J6,mice_elastic,,
Q497T6,mice_elastic,0.705316137366912,0.15193876844844345
Q9CYK1,mice_elastic,,
Q8R035,mice_elastic,,
P70303,mice_elastic,0.5527103784029044,0.5189196075472331
Q9CZ83,mice_elastic,1.0238515483541313,0.7308647087262792
Q3TYX3,mice_elastic,,
Q7TPH6,mice_elastic,,
Q9DB43,knn,1.8009639675253082,3.065587954599623
Q5XK38,knn,2.1970045239972875,3.91087730377168
Q8VIM9,knn,1.903095054212821,1.9463997986872004
B0V2Q7,mice_elastic,,
A0A1L1SVG0,mice_elastic,,
A0A0R4J0S1,knn,0.8690716475347368,1.7723890044190762
Q9EPK2,knn,0.38595631739769853,0.8148427697880423
A2APY7,mice_elastic,1.1499117400664138,0.6546260123388901
Q9D0B5,knn,5.760874297961465,7.268207558287576
Q3ZAS1,mice_elastic,,
E9QLB2,mice_elastic,0.7358787172449406,0.44629922770979036
B7ZDF7,mice_elastic,,
Q8BP71,knn,0.3553298674445296,0.8016573175656281
O88845,mice_elastic,,
Q8BGQ1,mice_elastic,1.2022100841514074,1.1402573044094924
Q9JJQ6,knn,0.6770273085151772,1.7593112160708229
Q8VI33,mice_elastic,0.6613603346357353,0.34954044100063053
Q3U2A5,mice_elastic,,
B2RY88,mice_elastic,1.2780339930855427,0.37792085755884974
Q8K039,mice_elastic,,
F8VPK0,mice_elastic,,
Q8VC65,mice_elastic,1.7285128863270436,1.460611524562597
Q544Y8,knn,1.5961862915952338,2.0557439110209765
Q5BL05,mice_elastic,0.7803898831150203,0.7047666477812953
Q9CZX0,knn,0.30852894250927826,0.9083363047156183
E9QJV4,mice_elastic,,
Q6GR78,mice_elastic,,
Q8BGU5,knn,0.3732617024763199,0.9189380674567137
Q78XF5,knn,0.39487131064113284,2.4386811211274364
Q4V9X1,knn,0.06129127149560206,0.3980263024047458
Q9WV18,knn,0.7618133643303122,1.7953145038161287
Q3UFS0,mice_elastic,,
A0A0R4J0U7,mice_elastic,0.41309862617785037,0.1482391071461301
A2A9S2,mice_elastic,0.29855906099426044,0.11320188922820155
Q3UJQ2,mice_elastic,0.7053456852890461,0.07549548356543799
Q3ULL6,knn,1.5639469245429491,3.256492579137276
Q8K2Q5,mice_elastic,0.7700246964869935,0.47677596390500526
A0A0R4J0L6,mice_elastic,,
Q9Z0S9,mice_elastic,,
Q0VBA4,knn,0.059982014839412005,0.07734832464270888
Q3THL5,mice_elastic,0.5413948249302256,0.2674725764828553
Q3V3N5,knn,0.6647382086533505,1.823055975424105
R4H4V1,mice_elastic,1.1506171623530068,1.103290928494664
Q9Z2I8,mice_elastic,0.29045886032413903,0.001895036454574724
Q3UFC9,knn,0.3468271785611594,0.6578899051253423
Q545I6,mice_elastic,1.0126370611379716,0.1680174307282949
A0A2I3BS49,knn,1.0868964064960291,1.2829244970223594
Q9CRH8,mice_elastic,,
Q91WK1,mice_elastic,1.7104718916361046,1.604645855416949
A0A0R4J138,knn,1.9941214059140264,2.2226187580803813
Q8VD00,knn,0.9770785503154138,1.7178611642805892
E9QL65,mice_elastic,1.2554387780119594,1.1754140783479372
Q9D4C9,mice_elastic,,
B9EKI3,knn,0.49876603036556805,0.8973271638993093
Q14AA6,mice_elastic,,
Q8C0D5,mice_elastic,,
Q9QZV9,mice_elastic,,
Q3U4M2,knn,2.4015593755896587,2.458549883622164
Q6NVF0,mice_elastic,,
Q3UPG3,mice_elastic,,
A0A217FL83,mice_elastic,,
Q9QYS9,mice_elastic,0.6971304742361119,0.013053746427878878
Q3V4A0,mice_elastic,1.2440578709130417,0.4261636511565634
E9QNP0,knn,0.7016499837067609,1.3548646321380677
E0CXZ9,mice_elastic,1.245840207028617,1.0254903551080137
G3UY21,knn,0.09037910918256911,0.9283676539283982
Q8BKG3,knn,1.0568779712076966,1.8071042606570304
Q9EST4,knn,0.72068073789054,1.5011999477404236
Q91X98,knn,0.47149149891018444,3.434194407379342
Q9CQW0,mice_elastic,0.8986165968594677,0.7756149867314254
Q5F239,mice_elastic,,
Q8JZN3,knn,0.3832510105533846,1.0798599458181604
Q6DVA0,knn,0.6637663238580938,1.7699983106828787
Q9CX30,knn,0.34189684401417675,2.006209856544537
Q3UF75,mice_elastic,1.2561007280082295,0.2953591516333617
Q561M1,knn,3.1445850644857996,5.062600141688548
A0A097BVN3,knn,1.831402590006203,2.5866406222708185
Q8BH15,mice_elastic,0.5263992972549603,0.1042664880368923
Q58DZ4,knn,0.030501489872111025,1.1997866310155516
Q8C214,mice_elastic,,
E9Q9M0,knn,0.3627525426272729,0.8069741141502458
P82343,mice_elastic,1.6100083028180745,0.23447146229701293
Q3UKB4,knn,0.28667887768911854,2.6077898202197516
Q91WB4,mice_elastic,0.7184596253169564,0.32337975176009665
A2AMC3,knn,0.7576649118610815,1.3851582351314031
Q62467,knn,0.5453900748759166,1.4210918127222785
Q80X85,knn,0.008189379853839097,0.43367405749090876
A0A077S9N1,knn,1.3775750030508556,1.6490569118711131
Q811S7,knn,1.0812659979495265,1.8311071621378616
Q8C4G3,knn,1.254345462906307,1.6281768732821458
Q8VBU5,knn,1.7599771520697578,2.5582179631873156
E9Q7E9,knn,1.5653232321512431,1.884446497190599
A2AQJ7,knn,3.0812455460978887,3.133413380776261
Q5NCM9,mice_elastic,,
Q8VDP2,mice_elastic,0.6325229824799428,0.10157988526704272
Q99MR1,knn,1.7942650218576155,2.817750914552068
G3UXB4,mice_elastic,,
Q2M4I1,knn,0.751066145343975,1.1037987549667194
A2A9W3,mice_elastic,0.14501781293306926,0.07446359619347122
Q0P525,knn,1.4059360598094628,3.26427318467494
Q9CWY6,mice_elastic,1.727692270080691,0.9484065950262907
D3YVS7,mice_elastic,,
Q3U661,mice_elastic,0.892541838389288,0.6089353411824566
Q9CZP5,mice_elastic,,
Q9DCW5,knn,0.9835410923094953,1.098862964601362
Q8VBT9,knn,0.4317831343605155,0.8023511209509004
Q3TUQ8,knn,0.6830149195737052,1.4965878095701202
Q3TM87,knn,1.13609372172438,1.34332356565635
Q925E7,mice_elastic,,
P97384,knn,0.6823078127632697,0.8923419375227064
A1L332,mice_elastic,1.8235361830673966,1.5103337218959625
Q6A0D9,knn,0.6074809026616446,1.2570877850161888
Q62234,knn,0.09795279834337568,0.3903463231062148
E9QQ10,knn,0.3894471100193573,0.7795206225186703
Q8BXR9,mice_elastic,,
Q8BHZ0,mice_elastic,,
E9PZY8,mice_elastic,,
A0A1S6GWK5,knn,0.8727375496239473,1.9606585689768714
A0A0G2JEQ8,mice_elastic,0.8738083814345884,0.01520522739039815
I7HJQ9,mice_elastic,,
P21981,mice_elastic,,
P24788,mice_elastic,,
A0A0R4J150,knn,0.24188307971481068,1.319136187180196
Q9Z2E1,mice_elastic,,
Q8R3Y8,mice_elastic,1.0759199042946654,0.2170679443690127
Q4G0B8,mice_elastic,,
F8WID5,mice_elastic,0.3703894582613761,0.102745114385901
Q8BLQ6,mice_elastic,1.2619729160798434,0.975141397701002
Q80U56,mice_elastic,,
Q0VFY6,knn,0.24313909700492992,1.6049979313963
Q9DAK4,mice_elastic,,
A2AMH5,mice_elastic,,
Q8BTZ5,mice_elastic,,
Q9D6L8,mice_elastic,1.0894702893117056,1.0366588273927309
Q3UEB4,knn,0.7817343042759671,1.0952116464719726
Q9D0B0,mice_elastic,0.7222182524171354,0.2816112659733263
Q6NXW0,mice_elastic,,
E9Q524,mice_elastic,,
Q8BNY6,mice_elastic,,
E9Q1M6,mice_elastic,,
A0A0G2JEK2,mice_elastic,,
F8WHV1,knn,0.7977426590329183,1.0796793123004251
Q8BGX0,knn,1.06589709470408,2.199084244783089
Q9WTU0,mice_elastic,1.0869964114907806,0.4773499957693716
Q3U2M7,knn,0.25695093521433326,2.2595455390519663
Q3TN07,knn,1.806183823741193,2.7020578822615793
Q7TPW0,knn,2.274509826211663,2.438933888573394
D3Z2K2,knn,0.5659377832267473,1.034718866539193
Q3TFA9,mice_elastic,0.6175728981668076,0.04341282077666935
A2AA85,mice_elastic,0.6807969762153748,0.28140968648934195
Q9D1H8,knn,1.7490804441950996,2.8311957466151867
F6ZGI7,mice_elastic,0.9750452634373269,0.9299132916648246
Q3TFQ1,mice_elastic,,
Q6XE40,knn,0.25483758669729867,0.9273008979867978
U3M993,knn,1.438242059956057,1.8742386126135235
Q4FJR7,knn,0.19810441181052665,1.073594623721526
Q9CTY5,knn,3.720515013956921,3.896302802774078
A0A0G2JDZ9,knn,0.14667790711710127,0.44776647340350245
Q9CPX7,knn,0.19755513124801236,1.2282175946116953
Q920A7,mice_elastic,0.6932743902984463,0.4970599955498617
Q9JI90,mice_elastic,1.2887436590750285,1.2486967851216855
Q9DAS3,knn,0.6842857165843954,2.033650386193526
Q62384,mice_elastic,0.05224868335473153,0.01586110464999898
Q8VHS2,knn,0.8947940939372215,1.2649220302485897
Q3U2B2,mice_elastic,2.3905427894689515,2.238342103990941
D3Z7Q2,mice_elastic,,
Q8CDP6,mice_elastic,,
Q80X54,knn,0.24038542335403343,0.6858542116537838
Q3UNF2,mice_elastic,,
Q9DC71,mice_elastic,1.3204062739165578,0.9316992604638648
Q3TS32,knn,0.653211992971951,1.268700618494254
E9PUE7,mice_elastic,,
Q5FWJ7,mice_elastic,0.977517268853554,0.3851624100252069
Q8BZB2,knn,1.2807374329876138,1.74629997779171
Q3UHP6,mice_elastic,0.6660393079768008,0.523598149318151
O35405,knn,0.318700266976593,1.1608415777606749
Q7TMH5,mice_elastic,,
Q9CWG9,knn,0.17487669109518308,1.7589084347852428
Q8K2T8,knn,2.492368798497052,4.240295031358116
D3Z4D1,mice_elastic,,
Q9CPT3,knn,1.804022451129908,2.1863592668859257
Q5SW15,mice_elastic,1.2785266303300304,1.1248578932338906
B2KFW6,mice_elastic,,
Q80V26,knn,0.9269178751098096,1.0298276011668694
F6TCF9,mice_elastic,,
P97868,knn,0.024425034489375236,0.3187532700646325
Q9JJC6,mice_elastic,0.15937145378585887,0.07544811107365172
A7YB12,knn,1.4542254642037655,2.1657040964377474
E9Q6Q2,mice_elastic,,
Q8K2C7,knn,0.38809878558160765,1.7196307308047782
Q9CZU7,knn,0.762792786015575,1.8020159484787925
Q91X20,knn,0.008075332611424037,0.07327142837129134
Q3ULP3,mice_elastic,,
Q8K3E8,mice_elastic,,
Q8C0Z1,mice_elastic,,
A0A0A6YWH2,knn,1.2633192434118357,1.7888991678403827
Q3UN75,knn,1.0460238743369064,1.7064126593258984
Q9DAA6,mice_elastic,,
F6RK81,knn,0.5268639852320693,0.7967442165720197
Q3UF30,mice_elastic,,
I4DCY6,knn,0.8380432716181607,1.4319606385707342
Q9EQI8,knn,1.010336718005325,1.5116161786543136
A0A286YDY4,mice_elastic,1.0857893652120014,0.09836159800831702
D3YUV1,knn,0.023267078152107025,0.05882858446999417
D3YVV9,mice_elastic,,
Q544F7,mice_elastic,0.8696169264676291,0.710590118359246
A0A140LIF0,mice_elastic,,
Q5EBG6,knn,0.3277059535890047,1.2215840752444018
E9QNY3,mice_elastic,1.6399229035734348,1.481193758944672
F6Z9E6,knn,0.6028358340574165,0.6038647043076726
Q14B21,mice_elastic,,
A0A0A6YWG7,knn,0.25160023687823646,2.2845768926623524
B2RQS6,knn,1.7869477908357532,2.447351475231576
Q9QZA0,mice_elastic,,
Q5XJE5,mice_elastic,0.462839381572628,0.4264091826686489
B1AS37,mice_elastic,,
D3Z6U8,mice_elastic,,
A4FUU9,mice_elastic,,
B9EKJ3,mice_elastic,2.3256081749282997,1.8407135542727415
Q6P6P5,mice_elastic,0.5913115511889059,0.26491192235446814
Q3TDI7,knn,0.7032493995896608,1.0331320864109115
D3Z499,knn,1.0929340052140468,1.6802985897848137
Q9D787,mice_elastic,,
H3BKQ7,knn,0.3838481538886437,1.547196653943411
Q9D7G4,mice_elastic,,
Q91YJ5,knn,0.40857768243517495,1.9080508360128334
Q9JJR8,mice_elastic,,
Q6TEK5,knn,0.46127147974376553,1.37688935982989
Q5SVG5,mice_elastic,0.4035035099611013,0.06964889231151178
Q9EQC4,knn,0.6297989385577037,1.147500684709304
E9Q8N5,knn,0.3631305657934371,1.6044871194625754
Q3TN84,knn,0.10462643723360054,0.23616381539369022
Q8BND1,mice_elastic,2.3295926263290023,2.2631891865893423
Q9D6K7,mice_elastic,,
O35385,knn,1.4769527087312195,2.7364350487511873
Q545H7,knn,0.6126223520435017,1.029251548434241
Q3U679,knn,1.6015140849937917,2.2153802742577837
Q8CFS5,knn,0.03949692781716611,1.2277856583857527
H7BX88,mice_elastic,0.6530362452219135,0.3014594598827869
Q8BTZ7,mice_elastic,,
Q6ZQK4,mice_elastic,1.6389764209363737,0.9159831368489008
E9PV24,knn,1.3921090711257365,2.58002597617863
Q9D1L9,mice_elastic,,
Q8CHK3,mice_elastic,1.4297048087837325,0.5679071501017477
Q3TYX5,knn,0.038454559068589175,1.0273168271200885
Q9CPR1,knn,0.5516763889009766,1.0160247447009845
Q6ZQC2,mice_elastic,1.4195541837861154,1.2476304637477016
Q5DTT2,mice_elastic,1.5312147965066436,1.2094267542885855
Q8K411,mice_elastic,,
A0A0A6YW87,knn,0.3701551794029597,1.119957861471555
Q8BHA3,knn,2.4648855247353842,3.664596835844876
Q3TPE9,knn,0.4882573800082959,1.1407661867923162
Q8BYK6,mice_elastic,0.5617458266158558,0.21114919382442904
Q9ES28,knn,3.4336461240392486,4.230740657416524
Q9CQK7,knn,0.20544391653861224,1.7534503369328398
Q8BG18,knn,1.0581891064231728,1.4048096337366056
Q8R3W2,knn,1.8556101109962622,3.3820163660486475
Q9CQJ2,knn,2.323896477974773,3.1997297859900757
B1ART1,mice_elastic,,
E9Q1K3,mice_elastic,,
Q5DTL8,mice_elastic,4.870783409849067,4.72817927289815
Q8K1N4,knn,0.7653681445841589,1.1853178714474326
Q8VE80,mice_elastic,1.3167797300996607,0.026111582757670906
A0A286YD03,knn,0.04714639956822177,0.3568422155930847
Q8BXT1,knn,1.1015574087196796,1.385169575469672
P02802,knn,2.408550433424523,2.551432286825521
Q14AT3,mice_elastic,,
Q6IM74,mice_elastic,,
Q80U52,knn,0.13190044778332996,0.33180321513194855
D3YTR5,mice_elastic,,
A0A0R4J187,knn,0.9085426687292509,3.0429670516559115
Q811P8,mice_elastic,1.116236306907295,1.0371692133367034
Q8C547,knn,0.4834062969524885,1.3086956097503954
Q99KI3,knn,0.6195460033593098,1.37031660771714
H7BX09,mice_elastic,0.6691561404674571,0.603443001404368
Q69ZW3,mice_elastic,,
Q91WC0,mice_elastic,,
Q9D1I5,mice_elastic,0.5660636701120307,0.22966157113179508
Q8R539,mice_elastic,,
Q9D6J9,mice_elastic,,
E9Q705,knn,0.29386460432837547,0.7151332011524644
Q9ERB0,mice_elastic,,
Q9CQZ0,knn,1.545843707102697,2.2894448565753502
Q8VHE0,mice_elastic,,
Q8C0L8,mice_elastic,,
Q9DCZ1,mice_elastic,,
Q810R7,knn,0.044792636511750514,0.32026395655707285
Q8BHL5,mice_elastic,1.2243257500044553,0.5813200988809178
Q80X98,knn,0.012053638884541088,0.823645824487742
A0A0R4J0T5,knn,0.5778728113221921,1.6685886307190037
Q8R123,mice_elastic,2.3152929659128305,2.2630439110478773
Q9D2D1,knn,1.4578018283661822,2.731995805495739
Q8BGX2,mice_elastic,1.2723518599702959,0.9429757167457375
P48437,mice_elastic,0.9281608444083789,0.7891547940581815
Q9CQ40,knn,0.9657754967466374,1.447162917895215
A0A1L1SRX2,knn,0.6452529146493725,2.7641235072778056
B0LAA9,knn,0.13142556293856683,0.18906978655481116
A2AA71,knn,0.3972929004068373,1.0110531354588121
A0A0R4J2B6,mice_elastic,0.736349386089125,0.7139073577121624
Q80ZM5,knn,0.28418642695341295,1.2415223491113194
Q3UYL1,knn,1.1633854704697542,1.7423261615819094
Q5SWP3,mice_elastic,,
Q45VK7,knn,1.0101675393999958,1.8085783229051986
Q7TQK5,mice_elastic,,
A0A0R4J0V4,knn,1.0425408158951641,1.2214547352096086
Q6SKR2,knn,1.3682771523109372,2.684577062773772
S4R1W8,mice_elastic,1.2634214870875622,0.47515123481358557
Q921R1,mice_elastic,1.5623750812215695,1.139710037494383
Q3TD54,knn,2.5257953980209265,3.6756020048030535
Q8BWR8,mice_elastic,0.8652582596779383,0.6407393530283823
Q9CZG9,knn,1.0664402316455612,1.1406371843489425
Q3U466,knn,0.7761596530416618,1.081801559710257
E9PYJ7,mice_elastic,,
Q9JMB0,mice_elastic,,
Q3UXZ9,mice_elastic,,
Q9CYW4,knn,0.5919677490610754,1.3117048353504073
Q99M28,mice_elastic,,
D3Z108,knn,10.15235401313871,10.197765820209938
F6SQH7,mice_elastic,2.058371988024523,1.961484401107588
P61967,knn,0.8654236863924136,0.9057544682237882
E9Q2S0,mice_elastic,,
Q91Z67,knn,0.26453049809052537,0.718482629009956
Q3U5C0,knn,0.5225428367002567,1.4696267527957838
E9Q1U6,mice_elastic,1.4954547102176403,0.11326149540292209
E9Q026,mice_elastic,,
Q3UDM8,knn,2.078971116750596,2.5404402059314464
A0A1B0GRA5,mice_elastic,0.2278100296676573,0.19525282349183493
P70429,knn,1.1253123622793562,2.2205270184737067
Q3UDS1,knn,1.0115920972771995,2.021035508021936
Q99M51,mice_elastic,1.6015891272325253,1.4630548204808436
E9PYH3,knn,0.3084734381753917,0.5293948725227735
Q99KA8,mice_elastic,,
Q8K0H5,knn,0.8825515156553146,2.055039039949436
Q8R5C0,mice_elastic,0.3724644581629945,0.011438192838711322
Q7TPU7,mice_elastic,,
P20801,knn,1.0797086969439225,1.1056555372318062
B7ZNP2,knn,0.43126360139098324,0.6357317649014157
Q3V2E3,mice_elastic,0.9181271834597075,0.7874545353934838
Q3TKB7,knn,1.2891091157611039,1.9557214483218142
Q8K273,knn,0.269661151315607,0.803386393183336
Q61649,mice_elastic,,
D3Z7C0,knn,0.3082699095307265,0.7954149442316356
S4R213,mice_elastic,0.6631496846088913,0.23055589847181715
Q99KV4,mice_elastic,,
A0JLQ7,knn,0.5824160458543762,2.4555729371149386
Q9CQS2,mice_elastic,,
Q8CAB7,knn,1.1059931610797797,1.455731907397685
Q3U3M5,knn,0.7119250712698755,1.0607675596102957
B2RQ71,mice_elastic,0.6786046829089699,0.5675654377906426
Q4VBE4,knn,0.8794020878783511,1.0784140056862563
A0A0G2JFJ6,knn,0.8765047967228693,1.4126487075278862
Q9D2E2,mice_elastic,1.1656845460995924,1.0794159307017284
Q9DC23,mice_elastic,2.5951170317144996,2.2990869347382983
P70392,mice_elastic,,
P0CG14,mice_elastic,0.3294392445166667,0.020316396078929173
Q9CWD8,knn,1.0957103136048651,2.940285905482708
Q9CQ10,mice_elastic,,
Q8BW75,mice_elastic,0.36707827370309204,0.12012162829496284
Q0PD48,mice_elastic,0.9402329469323745,0.5217959907826011
Q3UIZ0,knn,0.9770458527596992,1.2413944132260832
E9Q784,knn,0.42416487817925863,2.2454265308689956
Q8R086,knn,0.8110207235203396,1.23147468791821
Q3UDP9,knn,1.197542120787801,2.2199713881366563
Q9DC33,knn,0.918998063126737,1.628559625763231
Q8JZR6,knn,1.5032870015859041,2.1037693518132112
Q8BLV3,mice_elastic,0.9040430554726411,0.6628773573142475
Q921P9,mice_elastic,,
Q3UAP1,knn,1.3687792645830876,2.291865179734214
Q3UGY8,mice_elastic,,
Q99M71,knn,1.0426777923552455,1.3763058877128163
Q8BYP9,knn,1.3413309921615182,2.108895432526664
E9Q496,mice_elastic,,
Q3TFD9,knn,0.4818968989289498,0.8244898358730184
Q546L9,knn,0.21713227458819087,1.2777493851657382
Q9CZA6,mice_elastic,,
B2RXW8,mice_elastic,,
Q8JZV7,mice_elastic,,
Q7TQG1,knn,0.5198591742346936,0.8791430152101513
D3YZR1,knn,0.8871341840769468,1.1361775844574047
F8WHW3,mice_elastic,,
Q80Y56,knn,0.4810565734248573,0.5915861240674981
Q8R1T1,mice_elastic,,
Q6PDS4,mice_elastic,,
Q8BH24,mice_elastic,,
Q6PGF7,knn,0.18582146513357864,0.38213523129720206
Q9Z2D0,mice_elastic,3.052149768624366,2.979780508540691
Q7TND9,knn,0.2951710733547021,0.5806396734476931
Q8R1E1,mice_elastic,,
Q9QZN4,mice_elastic,,
Q3TLJ6,mice_elastic,2.6994651740038416,2.475490447122916
Q7TMC8,mice_elastic,,
Q6DI95,knn,1.9550608173503905,3.2018089303816564
A2A4A1,mice_elastic,,
Q8CAK3,knn,0.9905441144409927,1.6983616574587528
O08842,knn,2.2903695329865235,2.876541592299618
Q9D853,knn,1.793355477694123,2.471983950704645
Q3UHD8,mice_elastic,0.8507106265636439,0.2648270278566364
Q3TE88,knn,0.028309849570077043,1.7071426970732209
Q8BFT9,knn,0.7894289389051572,1.5353509591513184
Q3V3E7,mice_elastic,,
Q8BJK3,mice_elastic,1.398628846311183,0.9515932913600788
B2RX66,knn,0.844088113442464,1.9807604694911918
Q5XKN4,knn,0.9313014057329719,0.9760156371947448
B2RXR2,mice_elastic,1.2372054617070254,0.7750715601196546
Q8K099,mice_elastic,,
E9QAE3,mice_elastic,,
B1AVZ0,knn,0.2649749921087307,0.6169580414766792
Q80WW9,knn,0.3628218737674526,1.000251672771281
Q505A4,mice_elastic,3.0021265355488604,2.0899948280121246
F6TQQ9,mice_elastic,0.9301362718649347,0.8870037508433979
Q69ZD1,mice_elastic,0.45572093736872565,0.11082418086191002
Q99JT9,mice_elastic,,
Q9DD12,mice_elastic,,
Q61292,knn,0.5094503879820197,2.571852851581095
Q4KL64,mice_elastic,,
Q9Z0Z4,mice_elastic,,
Q3U0M8,mice_elastic,0.38742326354369383,0.3323227649778703
A0A2I3BQ53,mice_elastic,,
Q07417,mice_elastic,,
D3Z723,mice_elastic,0.7542995929836499,0.7336706974158325
Q9D8W7,mice_elastic,,
A2AMY5,knn,0.5455653228999534,1.4120789405376843
Q4VAA9,mice_elastic,,
Q9Z2C9,mice_elastic,,
A0A2K6EDM5,knn,0.3308422094666957,1.2044239128599101
Q3TV62,knn,2.1936937413963062,2.3249647092993455
Q14BI2,mice_elastic,,
Q8BU88,knn,0.3020238422530692,1.105001637418151
Q3U0M1,mice_elastic,0.21907501426724402,0.10655922877450474
Q6PIU9,mice_elastic,1.2170679292528543,0.8187899892838689
Q3UT69,knn,0.7542541814874045,0.7815495587281996
Q0KL02,mice_elastic,,
E9Q6R4,knn,0.8639279293367155,1.8247428132036458
Q8R1N0,mice_elastic,,
Q91VE0,mice_elastic,,
Q9CZS7,knn,0.052515064519112926,1.3111994713883937
D3Z600,mice_elastic,,
Q8R2U8,knn,1.5805846278565105,1.7386560245205824
A0A1L1SVG6,knn,0.5724668195370439,0.9315468704549987
Q6PI63,knn,1.2395830458638524,2.151640601478062
Q3U4T5,mice_elastic,,
Q6ZWZ2,mice_elastic,,
Q8C031,mice_elastic,,
Q3U8F7,knn,0.29232268186473265,0.43752035234387354
A8Y5P4,mice_elastic,,
Q8BP16,knn,1.5751355498610873,2.596579551397334
Q8BYL4,knn,0.004719957988557779,0.2495604824182401
Q8BH76,knn,0.06709872927376706,1.0715253023111788
Q5DTM1,knn,1.349430976524193,2.0614591947526044
A0A0G2JFV9,knn,0.4143425105534088,1.009429071099703
Q2TPA8,mice_elastic,,
Q4VBD2,knn,0.5492035415515999,1.8792504438599023
Q8K0V4,mice_elastic,1.0681784419413571,0.14290226810915474
Q8CIX8,mice_elastic,,
Q05CC5,knn,1.9036675377499914,1.9336476747309894
Q8VC30,knn,0.12389993852077862,0.865226996895516
Q80XU6,knn,1.1124306989344672,2.1013782796283973
A2AUR3,mice_elastic,,
Q6ZWS1,knn,0.7918051215780262,1.5991967303853138
Q810A3,knn,0.11030647873179485,0.783080764698321
Q8K0S2,mice_elastic,1.1531578905754971,1.0275081141788913
A0A0R4J0Q9,knn,1.361027102972979,2.046794780867588
Q0PD49,mice_elastic,0.6032855519700252,0.5647083927401846
Q9CZR7,mice_elastic,,
Q60960,knn,0.5960937926427289,0.7456639890844793
E9Q9H3,knn,1.451787171322589,1.9739542549763038
Q8K448,mice_elastic,0.9401938888566586,0.1829947574026503
E9Q6R7,mice_elastic,,
B2M0S2,mice_elastic,,
Q8C298,knn,0.8046315625494171,1.7022761769210342
Q9CWY8,mice_elastic,4.729088076805147,4.728548046199939
E9QN52,mice_elastic,,
E9Q5H2,mice_elastic,1.134617095823033,0.8138670069896902
A0A2I3BPN6,knn,0.25811580333260553,1.349892627421041
Q91VU6,knn,0.057668480804269506,0.841086040434715
Q60770,knn,2.0003052121721447,2.000808122770069
Q3U431,knn,0.8346150531099445,1.3629279404621353
Q9CXL3,mice_elastic,1.0989542373942132,1.0657564325028497
B1AWQ3,mice_elastic,,
A2AG50,knn,0.483149499415518,0.6883410480745893
Q7TSE6,knn,1.4825177746205551,1.9466501988878036
Q5M9P7,mice_elastic,3.1599911787189807,1.6550103113390624
Q80TG5,mice_elastic,1.0316944818848888,0.8829523610879475
Q5JC28,mice_elastic,2.6403162897118655,2.1962532026150763
Q9DCJ1,mice_elastic,2.281907979558142,0.40239695924105545
Q8JZM7,knn,1.4896270404347145,1.757837510897807
Q91X72,mice_elastic,,
Q99JP4,knn,0.41698069909761326,1.2201928538660558
Q6NS82,knn,1.2042144648742583,1.570703259845602
A2AQA7,mice_elastic,1.8715149339873416,1.8546146214111816
Q3UFY7,knn,0.653830236271372,0.6741091213720181
Q8BWW9,mice_elastic,,
A0A0R4J0H0,knn,0.16703791996380954,1.1697705604995305
A0A140T8S5,knn,0.5820404531993049,1.2833016300798346
Q9CQQ0,mice_elastic,,
Q80U72,mice_elastic,,
Q9CRA8,knn,1.1101220283511164,1.8713069801806188
Q99LS5,mice_elastic,0.7519687026729203,0.43289763747503823
P63046,mice_elastic,,
Q66JP8,mice_elastic,0.0861693948246065,0.027787384858589424
Q3V1X4,mice_elastic,,
Q91ZM2,mice_elastic,0.6736747976950401,0.5887167416267317
Q00897,mice_elastic,,
F7CJY7,mice_elastic,1.1095455646734198,0.26039515957623494
Q4FJX5,mice_elastic,1.0305847597771283,0.5750729014102649
Q8K0E2,mice_elastic,2.1643327910816326,0.6915894282397047
F6ZS70,mice_elastic,2.4886211068138198,1.134020140336189
P97364,mice_elastic,1.994546143549083,0.95457717723303
A0A1L1SQ42,knn,0.565046990559429,0.6725305264696687
Q7TSY6,knn,0.14518939355114238,0.2947440010330427
F6TWX0,mice_elastic,,
Q69ZF3,knn,0.41834648509098193,2.134281349514988
Q9Z1X2,knn,0.6732875092271088,0.832353974710759
Q6PFG8,mice_elastic,,
P04627,mice_elastic,1.4728935116381499,0.6286034888545461
Q545H3,knn,0.6082199559629938,1.5369147495519027
Q99J95,knn,1.20709867110403,1.6035925951912708
Q3UJP5,mice_elastic,3.9502601568987643,3.417192184062925
P70335,mice_elastic,0.43450838285509524,0.20379979581419924
Q6P1Y9,mice_elastic,,
Q6IR34,mice_elastic,0.8211470556563464,0.6372214985845525
P39688,mice_elastic,,
O35226,mice_elastic,,
Q3TWW5,knn,0.1899742355089236,0.9223581478460141
Q8C7K6,mice_elastic,1.069666942347591,0.9677839776139856
Q91VN1,mice_elastic,1.3835852427982391,1.1485533644529298
Q52L66,mice_elastic,,
Q810B6,knn,0.21431204075225813,0.5756867441971911
Q0PD64,knn,0.5554092588959209,2.058666589187358
S4R191,knn,1.186333848397177,1.3936216573726294
A0A2I3BRW0,knn,0.6489805644592799,1.8353727043851924
Q8N7N5,knn,0.5338861368969384,1.6753597572104717
Q6P3D0,mice_elastic,,
Q9D4L6,knn,0.04930736211272088,0.21234012091438503
Q8K1E0,knn,1.4410907752969802,4.779183809518053
A2AQJ8,knn,0.15090437823547795,3.164215260393506
Q8VC93,knn,1.561589225261065,2.896207794555509
E9Q512,mice_elastic,,
O35594,mice_elastic,1.676208191808384,1.5313765586129657
Q3UKP5,knn,1.58589088552325,2.5885837213479683
Q3UI98,knn,2.683163588111195,3.26118653135758
Q99KQ9,mice_elastic,,
F6U7V1,knn,0.5951318268088744,0.9792928890272863
Q9CR11,knn,0.07397862451917901,0.4852155539458682
Q8BVU9,mice_elastic,0.5928469475773049,0.28095913291643704
Q91YP0,mice_elastic,1.6997786292268202,1.5640735252622953
A0A171EBK8,knn,0.23469484730370802,1.740544170930135
A6ZI44,mice_elastic,,
Q3UBB2,knn,0.8528857097169595,1.1420072929745637
Q9DB82,mice_elastic,,
Q3TCY0,knn,1.8920058035163794,2.487969879713439
Q3UUF0,mice_elastic,0.8956870077380327,0.5735769499541815
Q8BGY7,knn,0.6330482207197087,2.3934256996767416
A0PK78,mice_elastic,0.4281244504526249,0.3684429064660732
P09041,knn,1.1064873388125571,1.9256602341742863
Q8C0J6,mice_elastic,0.6610684199121658,0.5140936744962585
Q6F4J1,knn,0.8864257140881666,1.4496469923991269
Q64337,knn,0.6234044535595417,1.5398911767340726
D3YWJ4,knn,0.8119392315779363,1.1211845847817243
Q8BJF9,knn,2.057817361944494,2.565779969446273
P70206,mice_elastic,,
D3Z632,mice_elastic,0.5218082810960323,0.28830018055632334
Q8CF66,knn,0.06903441581865415,0.3353131363599971
Q91YE7,knn,0.8114938544464482,1.5569432443736964
Q9CRC6,mice_elastic,0.4058037827198567,0.3598411283898359
H3BJ07,mice_elastic,,
A0A068BFS4,knn,2.7710851018410447,2.8739243118913262
Q8BVG8,knn,0.3431128353272825,0.5217836177268127
Q91ZE0,mice_elastic,,
A3KMF1,knn,1.3862787095262992,1.8247998941021948
Q3UQ44,knn,1.0389697031593457,1.6351780203593484
Q3TJH1,knn,0.2920666546876388,1.4625301532289707
F8WIJ5,mice_elastic,1.0708008583069484,1.021502517597871
Q80WS3,mice_elastic,7.804747986262245,6.39897718935152
Q8BGR3,mice_elastic,,
A0A0U1RPV6,knn,0.055420128097178445,0.6619268519124648
B2RR26,mice_elastic,,
A0A2I3BRL0,mice_elastic,,
E9PUB7,mice_elastic,,
D0VYV6,mice_elastic,0.8946238765116418,0.8723705772404853
B9EKL9,mice_elastic,1.3633358792711885,0.8798754638150541
Q91YK2,knn,1.0515506240264687,1.7484658280080698
Q9D7P6,mice_elastic,0.17537454361171248,0.05488779318488294
Q8R5H1,mice_elastic,,
Q9DBE0,knn,4.618181179088823,5.154105545881704
C1IE02,mice_elastic,1.1032904649818374,1.0194745691568294
A0A1D5RLV0,knn,1.653237888450296,1.8219533237497245
E3WH30,knn,1.4713679944440647,3.0583375156351424
Q78JW9,mice_elastic,,
Q14AZ9,knn,0.867273962471905,1.445861407690621
Q8CDZ5,mice_elastic,0.44259402538057663,0.18696961684174204
Q9CXX9,mice_elastic,,
A0A0U1RNK7,knn,0.1432351711377004,0.18664583147343178
Q8C7Z5,mice_elastic,8.139734500381106,7.415682472236293
Q7TMI3,mice_elastic,,
Q8K268,knn,1.37855146983246,1.818591088877199
Q9CQT1,mice_elastic,,
Q9CPS6,mice_elastic,1.0466142653952144,0.3290895259932336
P62488,mice_elastic,1.0075849720347183,0.6572037680682558
Q9DB27,mice_elastic,2.6849304523056206,2.5720284542272838
Q3TNL9,mice_elastic,,
Q8K2Q0,mice_elastic,,
Q3TK92,mice_elastic,,
D3YWT0,mice_elastic,,
A0A076FSX1,knn,1.6100520784825019,2.2482255599150935
A0A1W2P7K6,mice_elastic,,
A0A0R4J1W7,knn,1.4187869567407483,1.6305840063841128
Q3U7N2,knn,1.5555333594323124,2.692154182703359
Q542Y0,knn,0.02755041673010767,0.10608159709817584
B2RTN5,mice_elastic,1.1446488216944033,1.11558821356543
Q3UR39,mice_elastic,,
Q9EP98,mice_elastic,,
O35114,knn,0.6821055162585079,1.37265453797379
A0A0N4SW73,knn,0.8676704162025255,0.9620857122956985
G3X8R5,mice_elastic,0.9293447452232659,0.47932655240885125
Q9D0R8,knn,0.9285507585917537,1.0677297721496375
Q3TGH8,knn,0.6398510905443726,1.134308458505329
A0A2K6EDK3,knn,0.6369452831346224,0.6668250714838866
Q3TPJ4,knn,1.2134583917491157,2.0989419609176947
D3Z4I0,knn,1.569742792523132,2.453330296392574
Q920R0,mice_elastic,,
Q6RUT7,knn,0.25453537141994675,1.1900435128940876
Q5SWT3,mice_elastic,0.537354076030176,0.39695866854593764
P70698,mice_elastic,1.25974483375542,0.89538438999948
Q60575,mice_elastic,0.6966841145023934,0.4346725505782306
Q3TW27,mice_elastic,0.3778996566346619,0.3312711816998371
D3Z6W2,mice_elastic,,
Q059G7,mice_elastic,,
A0A0U1RP87,knn,1.0007766405114524,1.1969144944663213
P16283,mice_elastic,1.2522641697469197,0.39294914185782354
P0DP60,mice_elastic,0.8083193739225311,0.7732221114112954
Q14BV7,knn,1.2815768597036603,1.4515112521111884
Q68FE1,knn,0.31205778732263756,0.7430775617679088
Q3TKC5,mice_elastic,,
Q5DTS4,mice_elastic,,
D3YUN3,mice_elastic,,
Q99MR8,mice_elastic,2.081767935351244,1.9172756862370712
Q9CY97,knn,1.2624344075968972,2.2539715429438947
P60603,knn,0.5479780486750696,1.3356811393669732
Q9CXW2,knn,3.709938547238685,3.836863348258076
Q9D1Q3,knn,0.41802538196729144,0.5102812504764928
S4R1L5,knn,1.4349969753145781,2.465845346961979
Q9CPZ8,knn,0.35630721471084686,1.1934240964966658
Q3TET5,knn,0.9429878517787142,1.3558742236531722
Q9QUN9,knn,0.9332772548044307,1.4849065744391619
Q9JJL8,mice_elastic,,
Q7TN29,mice_elastic,0.4406810109939288,0.4370476081675924
Q8BTR5,mice_elastic,,
Q6PD28,mice_elastic,1.285915168009649,1.281907963063828
P70365,knn,0.521346539998827,0.6389819382181009
P49070,knn,0.6817760986869859,0.6851938386656681
P56212,knn,1.46716350816299,2.138352553238514
Q99NE5,knn,0.1965715508243351,1.1362902816474765
O35602,mice_elastic,2.048796099810572,1.9753384318124707
Q5QNU0,mice_elastic,,
Q09XV5,knn,0.3117081728164339,1.3962304458413703
Q8CHI8,mice_elastic,,
A0A0R4J1H6,knn,0.5287255741289498,1.451663615533018
Q8VEA4,mice_elastic,2.133631927814539,2.0725798686772556
Q9D002,mice_elastic,,
D3YXZ3,knn,1.5162239952754792,4.057884924745113
J3QMK2,mice_elastic,0.36824398773853073,0.17921721510009098
Q8BJ05,mice_elastic,,
Q9D1U0,mice_elastic,,
B2RTE3,mice_elastic,,
P35283,knn,0.6196914646305345,0.6944718465728308
A0A0R4J1S2,knn,0.9385995703679717,1.5238384595852172
Q8C8Y5,mice_elastic,,
Q8CBP1,knn,1.697873469111616,2.060927221285405
O88597,knn,0.7259222040539101,1.1602322700610788
Q8K194,mice_elastic,,
Q9D031,mice_elastic,,
P47856,mice_elastic,0.7776299456949595,0.6842975818026488
Q3TYA4,mice_elastic,1.5635465215822832,0.8172296411344345
O35459,mice_elastic,,
Q61599,knn,1.145674557764733,1.5903029747528923
Q80UU0,knn,0.42646894707154015,0.5655616695073001
A0A1B0GR18,knn,1.830132421383211,1.8932373764369834
H3BIW0,mice_elastic,0.5412842496273353,0.4851880441957114
Q546R1,knn,2.7302059640549605,3.1409271044764817
Q8CJ61,mice_elastic,,
Q9DBG5,knn,0.6447328278251526,5.0442071093802525
Q4FJQ6,mice_elastic,,
Q9Z0W3,mice_elastic,1.5176070691827714,0.9641023561593636
E9PXV7,knn,0.8329853030241545,2.0245563160099347
A3KGR9,knn,0.7259326235879124,1.230973186537178
A2AJK8,knn,0.2333858958935743,0.5800527993386229
Q505A8,mice_elastic,,
Q99KK9,mice_elastic,0.3218312352476034,0.31000880446736734
Q91WG4,mice_elastic,,
O88983,knn,0.7295576601602046,0.8935974606338877
A0A0R4J1C5,knn,0.8510700015100963,2.0811899027712393
Q8R2U4,mice_elastic,,
F8WIE1,knn,2.0148366261861885,2.439025058990858
Q545Q2,knn,1.3790256255494142,1.3950993906335911
Q6PGL7,mice_elastic,,
Q5SSM3,mice_elastic,,
P63024,knn,1.7823016213748653,2.516742099563649
Q3V2T7,knn,0.8813811367317853,2.358239826863887
Q3UKA1,knn,0.8025252581685883,1.357883365133785
Q6DID3,mice_elastic,,
Q4FZG2,mice_elastic,,
Q3UHE1,knn,1.5833419441003105,3.453830532793304
A0A1S6GWG5,knn,2.1800473294927807,2.529361530295628
G3X9J6,mice_elastic,1.5863145092352535,0.7054439767473945
D9J2V6,mice_elastic,,
Q3V460,mice_elastic,,
Q5FWJ9,knn,1.1649143104100255,1.5743478608638433
Q545K4,mice_elastic,,
Q3UUT6,knn,0.6798995283924644,1.6213169094883315
Q9R0X4,knn,0.693708386129917,1.2087363441288235
E9Q1A0,mice_elastic,,
Q3U1V3,mice_elastic,,
A0A1B0GT81,knn,0.8157937670009007,2.248173169196225
A2AMT1,mice_elastic,,
A2ACM0,knn,0.21540363673911744,1.2601343732961774
Q8BHL3,mice_elastic,1.264127892802172,0.07419510608146809
A0A286YCI8,mice_elastic,1.1657631435003284,0.5159903005631788
Q4FK79,knn,1.0775121588672096,1.358937866218254
Q80UW7,mice_elastic,,
G3X9M0,mice_elastic,1.001798680883186,0.7185697377054527
Q3UIA1,mice_elastic,,
Q9Z130,mice_elastic,0.8812580923020323,0.3199180972330598
Q80XK6,mice_elastic,1.1964963970428946,0.9535958238769462
Q9DAI2,mice_elastic,,
Q9D142,mice_elastic,0.23390933074401304,0.08874631872360687
Z4YKT6,knn,1.4260854331303943,1.6639792824883974
B2RRC5,knn,0.2962662093400304,0.9388765027055187
Q6NVE8,knn,0.021826608910601907,2.0863695100780353
Q4VA98,knn,1.016119677767057,1.1096954374649324
Q9CR41,mice_elastic,0.5365015116765339,0.08902328800799504
Q3UMT1,knn,1.5255044905891724,1.7481817427311355
A0A087WQH4,knn,2.7702672439801166,3.195994272659397
Q3V1I9,knn,0.24075921097603292,1.4990371079215687
Q80TJ7,knn,0.6410705722925046,1.4042573287185929
P17156,mice_elastic,0.3834876541729421,0.32147559861675007
Q810B1,knn,0.0040468991896378155,0.9106148354966951
Q3UHD3,knn,1.4328980283062387,2.305275072975899
P63248,mice_elastic,0.9102979013337813,0.3321468197813297
P53612,mice_elastic,,
F8VQE9,knn,0.4515825222421322,1.0642078241493036
Q80U95,knn,0.1873541363644393,0.3995878842121728
Q543X5,mice_elastic,,
Q99K46,mice_elastic,1.530304022804211,0.8826147888395838
A0A087WQC2,mice_elastic,,
A0A0R4J1F6,knn,0.5462909513781229,1.0719320031439659
Q91W86,knn,1.324018379087688,2.4130909382832115
E9PW83,knn,1.8325982251976758,4.679440955245675
Q8BGD8,mice_elastic,,
Q8VHL0,knn,0.646589603422886,1.1995579383874198
B1AXZ4,mice_elastic,,
Q8CI33,knn,0.8128912319928342,0.8886202215292007
F6ZBR8,mice_elastic,,
P70677,mice_elastic,0.7807389084039491,0.1138353346606899
Q8C1Y8,knn,1.0706242373842547,1.5665998661974296
B2RUK5,mice_elastic,1.5083028156251304,1.3924261524049637
Q9D9Z5,mice_elastic,1.2713472093285396,1.1579066056125238
Q5SFM8,mice_elastic,,
E9Q4G8,mice_elastic,,
Q9Z0L0,knn,0.37877227292357035,0.7894309399693357
Q8BTN3,mice_elastic,,
Q3ULK1,mice_elastic,0.23815436983804145,0.11381073062252059
Q3U2G9,mice_elastic,,
E9Q6J5,mice_elastic,1.1311946474562997,0.2250508893683503
Q6DFY2,mice_elastic,0.47848288801569583,0.02183276752604804
Q62422,knn,0.7301384519044213,1.7132623227949786
Q14A95,knn,1.116860150726634,1.4663972556439235
A0A0R4J1R7,knn,0.6582646514834374,2.0401762058278474
O35218,mice_elastic,1.0944197089856764,0.7227943688459896
D3YTS3,mice_elastic,1.7507267086961336,1.4043602642489745
P0C192,mice_elastic,,
Q9ERY9,knn,0.19771027330509122,0.41860786555567386
Q99NB8,mice_elastic,3.286422534508582,2.919205971140225
Q8K3L3,mice_elastic,0.4561910521721114,0.3536397232213847
Q9D7M1,mice_elastic,,
Q9CQF0,knn,0.34857992618495576,0.8516740445621486
A2AQ19,knn,1.031018313364417,1.3740341634059574
Q7TQE2,mice_elastic,0.8976840977032793,0.3797489199486023
Q8K1M6,mice_elastic,,
Q52KC5,knn,0.3115764194662846,0.4586177538258912
Q8BTE5,knn,0.5651610435773552,1.3714412561162654
Q9D8B7,mice_elastic,,
B9EIE9,mice_elastic,1.6512853754036696,1.4664559406344349
Q3U276,knn,0.12230585053033717,0.7042071613725371
Q9DB16,mice_elastic,,
Q14CH7,mice_elastic,3.086511437558527,2.6710466361467136
A0A0R4J0B5,knn,1.372643466506074,2.0580121221857346
Q80ZS3,mice_elastic,,
Q543K2,mice_elastic,,
Q8C8M9,mice_elastic,3.506028283641965,3.496895940553091
E9Q585,knn,1.1778660545783086,1.7979069638854766
P62342,mice_elastic,0.7853133458858361,0.7813405531876717
Q5SWJ8,mice_elastic,0.9447760682035746,0.8863133964945696
A0A0A0MQE5,mice_elastic,,
Q99M87,mice_elastic,1.276244877679351,0.11779688604364003
Q8VHN8,mice_elastic,2.0281157335373856,0.7369912038802754
Q8CJG1,mice_elastic,0.8564577843773195,0.38650417224032746
O09114,mice_elastic,1.7064433353407247,0.5277865960761475
Q8R3C0,knn,0.11187583807217032,0.8006600784050347
P70399,mice_elastic,2.3688851335819803,0.9692439140945344
Q91WT4,mice_elastic,1.3890376403254274,1.1171095556376307
E9PWQ3,mice_elastic,,
Q5EAT0,mice_elastic,0.4804382304731097,0.07646700778342337
B9EJA2,knn,1.5376457523471283,1.7838876337303982
Q8BZN5,knn,0.5789703124477305,0.9747089956646606
Q1A6U9,mice_elastic,,
Q6NXI6,mice_elastic,,
Q4VA02,mice_elastic,,
G3X8X1,mice_elastic,1.0451870225651128,0.5097856886429997
B1AUY8,knn,0.12140024488386868,0.7034257638007531
Q8VCW8,knn,0.2999580208019137,1.0283305816757742
Q8C6B9,mice_elastic,,
Q8BHE3,mice_elastic,1.9972244192457267,0.08245807705175788
Q99JX7,mice_elastic,,
E9PY90,knn,0.6534730435571986,0.8073540078953146
Q91ZP9,knn,0.05471068067079199,0.6019156187402099
A0A087WQB0,knn,1.0913972342703206,1.804193627109549
G5E870,knn,0.8728424391849655,0.9296041837384468
Q80W21,mice_elastic,0.5548061167621161,0.018560681924180707
Q8BVR3,mice_elastic,0.7924166299484726,0.771368971879438
D3YTP3,mice_elastic,,
Q7TMY4,mice_elastic,,
Q5K4Q9,knn,1.277392915395459,2.1170862903518315
Q99P31,knn,1.656175502257537,2.0594504844414376
G5DDB7,mice_elastic,0.8349508070184998,0.38365266074902754
B0FTY3,knn,1.2511468364194376,1.8635231097826273
D3YVM8,knn,0.21475696760415994,1.2701443725876684
D3Z165,mice_elastic,,
Q9D0M0,knn,0.5414866103265022,1.7127964163586944
A0A0R4IZY9,mice_elastic,,
Q8CHS8,knn,0.08257843969587253,0.7453170794194849
Q9JK23,knn,0.9225678502499692,0.9570250774538502
Q58E29,knn,1.4296977085357276,3.724386335275874
Q3UMU9,mice_elastic,,
Q8R4H2,knn,2.7338157753602563,3.113603422481168
Q6PB51,knn,0.87604475119945,1.3254905456578405
Q8R5H6,knn,1.0136385291208454,2.9740155329608666
A0A140T8T5,mice_elastic,,
O35161,knn,1.3022012319914993,3.395902537058048
D3Z0M6,mice_elastic,2.418774849402893,1.0832351935631237
Q9DBS1,knn,1.730814202991992,2.2282342675569415
Q8VD35,knn,0.24394714800979075,3.866135492970642
B2RV71,mice_elastic,,
Q8C8T7,mice_elastic,,
P70452,knn,0.43945883743512093,2.2146993122649303
Q3TJZ6,mice_elastic,1.4762065178927966,0.9058140533562934
P39053,mice_elastic,1.284670598837524,0.7936719144000483
Q9CZ01,knn,1.8500687493809291,3.2458314502661336
Q91YQ8,knn,0.4810903732057654,3.0037229521013784
Q8BX80,mice_elastic,,
Q99LG2,mice_elastic,,
Q91YT7,knn,0.3505977190940589,0.8392985003168343
Q80SY5,knn,0.6955146904183649,0.9320820266815135
Q9D1H7,mice_elastic,,
Q8K0G5,mice_elastic,1.5299960274968996,0.9033343409852941
Q3TI84,mice_elastic,0.35041058774840916,0.22763317884084563
Q80ZX0,knn,1.123687703564518,1.4786788218026297
Q91Z61,mice_elastic,,
Q8VDN4,mice_elastic,,
O88307,knn,1.3922713287710804,2.0529056169847175
Q3TM67,mice_elastic,,
A2AT37,mice_elastic,,
Q8K2D8,knn,1.4556104092413338,1.7112284628224
G3X9J0,mice_elastic,2.34485456522901,1.7656065052531151
E9QKR1,knn,1.6367312364335904,2.9190957178288905
Q3TLG2,mice_elastic,,
A0A286YCX6,mice_elastic,,
Q8BNU0,mice_elastic,,
Q9CRA7,mice_elastic,,
Q99JY8,mice_elastic,,
Q9D0K3,knn,1.1498388793038528,2.0766149155166485
Q0VF50,mice_elastic,,
Q66GT5,knn,1.4692832135388627,2.0446687166857727
Q8BJW6,knn,0.5670240498745394,0.6114719998927923
G5E8T6,knn,0.11734003318968775,2.0273404504542523
Q9WVB0,mice_elastic,,
A0A0R4J0W6,mice_elastic,1.0432334504164427,0.895699721047652
Q7TSC1,mice_elastic,,
O55106,knn,1.4091917920665031,1.8289167253592007
Q60829,knn,0.8595625756901792,1.3592274836893976
E9Q2W8,mice_elastic,,
Q99KR3,mice_elastic,,
B2RXS7,mice_elastic,,
Q8R378,knn,1.0555887430113433,1.3553241598023549
Q149D1,knn,0.5922878238445833,1.6041508877021464
Q14C53,mice_elastic,0.7171845316064358,0.05497389007905556
O88986,knn,0.39975072270985024,1.9362820065172806
Q3U6D2,mice_elastic,0.8370256811006255,0.37558800842794043
F8WGT4,mice_elastic,,
H3BL05,knn,1.1369322655104255,1.356456813689634
Q8CHA4,mice_elastic,1.0834437054626165,1.0122517853484692
A0A0G2JDI9,mice_elastic,2.2510218180460684,1.8079765569406872
Q3UVR2,knn,0.5447021544313517,0.6359498071141013
A0A087WQH8,mice_elastic,,
O54991,mice_elastic,,
Q80XE1,knn,0.17543782390379875,1.0756228107929993
Q8C729,knn,2.0769405532072307,2.182270551258351
E9QNR5,mice_elastic,0.9041816439847269,0.10844710640367737
Q9CQE1,mice_elastic,,
B2RVQ7,knn,0.7459528875569394,0.806045622441317
M1VHG3,knn,2.5570989817073517,4.068924140213336
Q571A2,mice_elastic,,
Q8BL86,mice_elastic,,
Q9D198,knn,0.42880297586975913,0.8205383550899936
Q3U2Z5,mice_elastic,,
Q3V038,mice_elastic,,
Q8BSZ8,mice_elastic,,
Q9CRA5,knn,2.142435669343695,2.756023997090223
Q9D0J4,mice_elastic,,
D3Z4E6,knn,1.5980997309409488,1.858308722937968
Q9D375,mice_elastic,1.4187048692651059,0.4589612528577921
D3Z2W1,knn,0.5093790870660191,1.6055809575656692
E9QNH6,knn,0.30245523926812223,0.5473758540409706
Q80U48,knn,2.6129875928898447,3.173013190497697
B0R091,mice_elastic,,
Q3UJS6,knn,0.09759002363847759,0.9985725611713756
Q99K86,knn,1.5650111158595228,1.8800176462893472
A2RSX9,knn,1.935321695169564,2.270458605999632
Q8R2Y8,mice_elastic,,
Q9D1Y9,knn,0.13970391573551177,1.00207329202492
E9PZA7,knn,0.28444990222988686,0.6140653683530203
Q62086,mice_elastic,0.6398095621317542,0.5594137129342343
Q545S6,knn,0.5053665440325049,1.2184391785174653
Q3UFK0,mice_elastic,0.5750411501107365,0.3890147957803729
A0A068BGT0,mice_elastic,,
A0A1Y7VNZ6,knn,0.6796650879629544,1.3304260137698407
Q3U4N2,knn,0.2840798405657844,0.7278653769627109
E9PYD1,knn,1.2275677187344658,2.7303082096174847
A2AEM2,knn,1.0242418777344935,3.1046072293580447
P28667,knn,1.6845997675996012,4.394705084754418
Q78JE5,knn,1.6697313008774255,2.1842376357695596
Q3TJT6,mice_elastic,,
Q544K9,knn,0.8371266161152268,0.8860476761143763
Q9CZB2,knn,1.2502323850140746,2.0992901050441377
Q99K70,mice_elastic,,
Q8BLY2,knn,1.5910998585819602,2.655331223554531
P42128,mice_elastic,1.2598120317605646,0.263891768049436
M0QWP1,mice_elastic,1.7475955902174538,1.5270322456981371
Q3UPI8,knn,0.4014266551861497,0.7432848690759033
Q8CBE6,mice_elastic,1.465116545974005,1.3687385157739467
Q9QXE7,knn,0.6315988208591202,1.553569747671403
Q91V35,mice_elastic,,
Q64511,mice_elastic,,
Q9CYA0,mice_elastic,1.2039111976040668,1.1987874424700278
Q8BXV2,knn,2.1958768969386604,3.239564585172153
Q8CEE7,mice_elastic,1.42513005754148,1.1307397056094082
Q9CWV6,mice_elastic,,
Q8CH02,knn,1.1169596224479938,1.1749064989831173
Q99LD9,mice_elastic,0.9846123404683731,0.7475981544231473
Q91WL8,mice_elastic,0.5910497806915215,0.5010009637716601
Q14C26,mice_elastic,0.897207784714409,0.689732316517692
G3UYJ7,knn,1.1092258725532522,1.718413279530912
J3QNT7,knn,0.720896334174276,2.0015050727951995
Q9CQ86,mice_elastic,0.5319984600133594,0.4316253821370833
P35846,mice_elastic,,
B2RXC1,mice_elastic,0.33988010198060753,0.02569602065588479
D3Z1F7,mice_elastic,,
Q8K2C6,mice_elastic,1.4182704423197532,0.9937832914102865
Q14B19,knn,1.6981166299128523,2.351972886570215
Q3UW53,knn,0.40694770154086074,1.960142108786439
E9PWI6,mice_elastic,0.8998733897706699,0.6896642674852502
Q9WTX8,mice_elastic,,
Q3U047,knn,0.6388760246809819,1.2737534991580115
Q9CXV9,knn,3.5513689550503846,4.228765239891055
Q6PAV2,knn,1.1027215374865105,2.038186079147174
D3YZP9,mice_elastic,,
Q99J83,mice_elastic,,
G5E8N7,knn,0.8389247119763453,2.1578797568224353
Q542B0,knn,0.860970767230153,1.2034104796711893
Q8C1X9,knn,0.3977155157197024,3.4662449429102296
Q8VHP6,mice_elastic,0.7915507274877567,0.7583826426455225
Q60996,knn,0.8268998258746253,1.3379389191708322
Q8BFY6,mice_elastic,,
A0A286YDH6,knn,1.8682700409527735,1.9183313071437824
B2RRE3,knn,0.4008920061651645,2.5549328392496817
A2AIX1,mice_elastic,,
I1E4X4,mice_elastic,,
P70245,mice_elastic,0.31603230693993173,0.2533273489453258
Q80ZU1,knn,0.46556299499751463,0.9322752722731019
A6PW47,mice_elastic,0.41341772672788296,0.14442504737424497
Q9JHS3,knn,0.11455097442271589,0.32201962532714634
G3X9K4,knn,1.1868022518932018,1.993735202304417
Q9D7Y7,knn,0.5693434454218145,0.8143015979296602
A2AKH4,mice_elastic,1.2829713523273274,0.6970921421913256
Q4W8U9,mice_elastic,,
E9Q447,mice_elastic,1.466570771393608,1.2133841168063524
Q9D7X8,mice_elastic,,
Q923F1,mice_elastic,1.2654923727512386,0.46470219580079003
D3Z4U0,knn,0.4511212525700803,1.5253445356340456
A2A9I0,knn,0.37689312526357777,0.7280827581227872
Q545K0,knn,0.2524802272651026,1.2885120255901858
Q9QZD8,mice_elastic,,
Q925B0,mice_elastic,1.507896492403824,0.9196447252448886
P40336,knn,1.0443211947208837,1.8756554201904403
Q8BVU5,mice_elastic,,
Q3UGE9,knn,0.48170212421365777,1.408240494393804
B2RUE0,mice_elastic,0.38066003421246286,0.2037849749566012
Q3TFD2,knn,0.021346779708428035,1.3351908121901086
Q5U3K5,mice_elastic,,
Q9DBS2,mice_elastic,,
Q8BFR4,knn,0.8599028854262079,1.0932459310096092
Q9WV96,mice_elastic,1.340757528736341,0.6546498544334977
Q8BIW1,mice_elastic,1.9397046975062406,1.5573659092984937
Q80ZW2,knn,0.19786149121000582,1.269518036827184
Q14BF8,mice_elastic,0.9439594857265577,0.8421721474740884
Q8K4R4,mice_elastic,1.0833703038731295,0.8985387012989982
G3UWD3,mice_elastic,,
Q9D1P4,knn,2.0861516404187554,4.161874782854904
Q6GU23,knn,0.2614479516417019,3.7308102789535593
O54916,mice_elastic,,
Q91VJ9,mice_elastic,,
E9QNX9,knn,0.6471409976980947,1.0732374071201523
Q8R3H7,knn,0.8158989517535277,1.4852676630606618
Q8BTG7,knn,1.4404224747156316,2.0107613872205454
F8VPN4,knn,0.6684731219648646,2.6107871717895503
Q6NX62,mice_elastic,,
P62071,knn,2.238366993517811,2.5770154302014676
Q6PGB6,mice_elastic,,
E9Q2E4,knn,0.8053120540604746,1.946330011706823
D3Z5K6,mice_elastic,1.3159936887941066,0.5061987822381921
S4R2R5,knn,1.202590055942083,2.110810323330889
E9Q6U4,mice_elastic,0.22306924774333914,0.10928412111348818
Z4YJT3,mice_elastic,,
Q63829,mice_elastic,1.4621620878158363,1.1748463284990471
Q00LT2,knn,0.20450323069042584,0.6067548894470608
Q9Z1B3,knn,0.5594300771289453,1.1505020724189858
Q9D6S7,mice_elastic,,
Q8VEK0,knn,0.7074510373921725,2.0940163278083745
Q5F2E7,knn,0.5988377805353943,2.2824940677531793
Q3UFP6,knn,0.6692587145099813,0.7188579080811137
B7ZNS2,mice_elastic,2.1897997372047167,2.183804717216689
E9Q2W9,knn,3.043514835672996,3.3586489344660997
Q5SSZ5,knn,1.2518544029080765,1.7817196379755929
F8VPQ1,mice_elastic,,
Q80TQ3,mice_elastic,1.4123787678250366,1.0726644586039351
A0A1S6GWH4,knn,1.190012744934734,1.4148864886953736
A0A0R4J0S4,mice_elastic,1.9562116858596776,1.8794066974487367
Q80U93,mice_elastic,1.0919272279066068,0.6913752724104463
Q8VC31,mice_elastic,,
H7BX26,mice_elastic,1.9636978137651042,1.1317394699744872
A0A0R4J0T0,mice_elastic,,
Q9QYA2,mice_elastic,,
B9EHS3,mice_elastic,,
Q8BP43,knn,0.9312528291990818,2.786627999335336
P56213,mice_elastic,1.3867003296783602,1.3458711421505922
Q8BK30,knn,1.0539869499921437,2.00894212823976
P70699,mice_elastic,,
A2AQ42,knn,1.7133797608990498,2.5244350475779305
Q9QYI4,knn,0.4129052102742866,0.6124238869066648
Q61482,mice_elastic,0.7467990449939529,0.6686387109360881
Q9D902,knn,2.667198836520986,3.310177172266468
D3Z6G3,knn,0.814531575168504,1.5810712089037708
B2RQF5,mice_elastic,,
Q1A602,mice_elastic,,
Q9JME7,mice_elastic,,
Q8BP79,mice_elastic,1.3600329784935266,1.1745210239019706
A2A6A1,mice_elastic,1.4443927184584835,0.056970041101108336
Q80UU6,mice_elastic,4.07632293905325,3.4178252585791253
Q8BGS1,knn,0.6866053436290755,1.3047448548427836
Q8R464,knn,0.6399864215771085,0.9409005297051198
Q571B0,mice_elastic,0.7530067092071326,0.47141162865413355
A0A0X1KG62,knn,0.8233110699045424,1.0018799737858617
P60898,mice_elastic,1.839501058683057,0.8927338335295341
Q3TLE4,knn,0.329098060858159,1.2800733759417404
Q99LW6,knn,0.7029573607023211,0.8258840686201031
Q8BGS2,knn,0.2486541306807736,0.6997927255936662
Q8R1G1,mice_elastic,1.9064966803055934,1.188413540193305
Q9WVQ5,mice_elastic,0.8578051759457832,0.0810590752801423
Q3UDN2,knn,0.22661444875741132,0.8772063477664717
E9QA15,mice_elastic,,
Q91YL3,knn,0.7679660049756499,1.4298300310767544
A0A1D5RLL3,mice_elastic,1.732958851588374,1.2376108731012792
Q99LT0,mice_elastic,,
Q9D7A8,knn,0.039089892806209496,0.9363746563645176
Q8VI75,mice_elastic,1.5443180013199798,1.4113855931401196
Q9D3P8,mice_elastic,1.1082428836485763,0.48180938774204934
Q543P6,knn,1.246610381306479,1.6541010877147568
Q6A099,knn,0.4574765332776113,1.1866987875047281
D3Z0V7,knn,1.3112806099172256,1.645956416754948
A2AUX3,mice_elastic,,
Q3TCD4,mice_elastic,,
A0A0R4J0R1,knn,1.0418680174909698,1.1743143520565142
Q544R8,knn,1.4891110319446335,1.8450706172018128
Q8BH66,knn,0.5482573963499016,1.3406057684431651
Q9CPZ6,knn,0.22437692568979356,0.7509787900763745
Q3UBN8,knn,1.3550185104243493,2.4471448694509776
D3Z131,knn,1.9251899510752313,2.2373323315946196
Q3UZ28,mice_elastic,,
A0A0N4SV80,mice_elastic,,
C9K0Z0,knn,0.20069820782291023,0.2740432388599737
Q3UIB5,knn,0.24876116927059966,1.8615807907875226
Q91Z49,mice_elastic,,
B2RWB7,mice_elastic,,
Q791G4,mice_elastic,,
Q9DBL7,mice_elastic,,
Q8CCG5,knn,0.33466126149623693,0.8615056584002531
Q99PB4,mice_elastic,,
Q80YD1,knn,1.7663489639263237,1.7837666312463931
Q9DC50,knn,1.742603080997827,2.573961068742709
Q8BHE8,mice_elastic,,
Q8BMP9,knn,0.6236257189306443,0.829949218982081
G3UW83,mice_elastic,,
Q6XVF6,knn,0.4392354776289368,3.5535545163086577
A2VCP7,knn,1.0736225227698468,2.421894974112477
Q8QZZ7,knn,0.8060722061742911,0.9604542361856422
Q3V074,knn,0.8834873004207434,1.7596266090000263
M4TKR7,mice_elastic,,
A2A5R8,knn,1.3257226275391814,2.661906253884362
Q3UNK6,knn,1.246732274043574,1.7379096667890668
O35409,mice_elastic,0.8182113840522925,0.8177656662139042
A0A0A6YX25,knn,0.6286421874853585,1.5480578133173906
Q9D4I9,mice_elastic,,
Q9Z2Y3,mice_elastic,,
A2AWN8,knn,0.6041812247106236,2.1526259010593445
O70230,mice_elastic,1.4022005653294798,1.3353762435227092
Q8JZW4,mice_elastic,,
B1B1A8,knn,0.24955618795736803,0.4755932673042205
Q543X6,mice_elastic,,
A0A0R4J069,mice_elastic,,
Q99LC2,mice_elastic,,
D3YYW8,mice_elastic,1.7976448648852827,1.7580828237461366
Q4FJN2,knn,3.8163902778671313,4.2813053234802645
A2AAE1,knn,1.9666427432424514,2.373568664008353
F2Z4B3,mice_elastic,,
Q9JI44,mice_elastic,,
O54786,mice_elastic,0.5948769661185179,0.5812034544294982
Q9D820,mice_elastic,,
Q569X8,mice_elastic,,
Q8VE47,knn,0.9277392030230885,1.0274182612667504
F8VPU2,knn,1.0037878120585055,1.1733563281302302
Q3URE1,mice_elastic,0.8573860913409533,0.5529246246887191
Q60967,knn,1.0440900103856858,1.1891778427951771
Q3USC7,knn,1.0995064546685192,2.36795945010141
Q6P9S0,mice_elastic,0.3863254372919615,0.12934084445135277
Q5U452,mice_elastic,,
Q0VGZ0,mice_elastic,0.9783556757602856,0.7544595166846718
Q9D0D5,mice_elastic,0.8935617187406227,0.3466321250190186
Q8C129,mice_elastic,0.7398999501917431,0.09805085998901718
Q9CWE0,mice_elastic,,
B7ZMR0,knn,0.4152862917783304,0.47557163351860826
E9Q9M5,mice_elastic,,
Q5SSP3,mice_elastic,1.1484212964803417,1.0881138285816965
Q6ZPK7,mice_elastic,0.85397272759923,0.5173446428128415
E9Q933,mice_elastic,1.6055366279063645,0.8091851460452764
Q3U9K3,knn,0.6694903807013437,1.8686439635382426
Q8K1A6,knn,0.6802259449393324,3.1383453335539926
Q9Z162,mice_elastic,0.5873337834426012,0.42914788747457766
Q8BKS6,mice_elastic,0.8560693862643343,0.08050475674313069
P97930,knn,0.5658862784587511,0.6377740544830958
Q9JKX6,mice_elastic,1.548179607008745,0.6016856828731023
Q3U8S0,mice_elastic,,
Q5RJH6,mice_elastic,0.6348017961653571,0.14501298984098995
D3YU22,mice_elastic,3.616432905037526,3.1388698639243886
Q3UUI3,mice_elastic,,
B2RXQ8,mice_elastic,,
D3Z6H3,mice_elastic,,
G3X922,knn,3.2092751869151557,3.605548330538466
Q3TDR0,mice_elastic,,
Q9CQ71,mice_elastic,0.6745451329829456,0.5163961914274888
Q9CQQ8,knn,1.2136871510852834,1.3742898233006022
Q7TPW6,mice_elastic,,
Q543Z5,knn,0.8998850287141978,1.4203485037612205
Q63810,knn,0.5958819434413052,2.6639369519212206
E9Q577,mice_elastic,,
Q9ES74,knn,2.490512132016729,3.4522790688013387
Q05A62,knn,2.0298897016578104,2.730202202433361
D3YUX2,mice_elastic,,
Q6PJ87,knn,0.6492894734569084,1.502352316035632
P28481,mice_elastic,1.813095035672453,1.5570296519268507
A0A1B0GT26,knn,0.06509416080456441,0.44848890629659105
Q9R0A0,knn,0.3289473958226485,1.2501808133278947
Q4FJZ6,knn,0.00980646824768692,1.8467694371429035
Q80TH1,knn,0.3490459450015376,0.7871023406951857
Q3TGR2,knn,0.32144114297307574,1.4164057488324462
A0A0R4J262,knn,0.27273972009951714,0.9120866660821524
Q80X95,mice_elastic,,
D3Z780,mice_elastic,1.8200169932694217,1.4127650112849361
Q9CQA1,knn,0.5998991856243733,0.9590256092586481
Q9CQ65,mice_elastic,,
F8WHU7,mice_elastic,0.6373220799588978,0.44973404829913805
Q14AC7,knn,0.45598669504330575,0.5227110572119602
B2RQV1,mice_elastic,,
Q8CFS6,mice_elastic,1.6050214908872829,1.4287692447018514
Q3UDK1,mice_elastic,1.0729058934485416,0.917021772537141
Q8K3C3,knn,0.9772906927300472,0.9793910066933452
Q3TKY6,knn,1.0415740541209269,1.3743684443682866
Q3UEW2,mice_elastic,1.018353073565102,0.5872823397807083
Q4FJR0,knn,1.1404799011683,2.596219723576416
A0A2I3BRK6,mice_elastic,0.30183114813380246,0.028505484248974824
Q3UGS4,mice_elastic,,
Q4FK16,mice_elastic,,
Q6QD59,knn,0.45075900970680316,0.5690927015487058
E9PV45,knn,0.9072951794613389,1.259820109547787
Q9JIK9,knn,1.1067761484305831,1.3585447834834186
Q3TYA6,knn,0.4956442950340962,1.4584139083519636
Q7TNR6,knn,1.6527139293871367,1.7028891910189818
Q3TKH5,knn,0.8663717305303256,2.6521087707663615
Q9DB29,knn,2.379910573539914,2.754589456048922
G5E896,knn,0.789498754003689,1.791400608698148
G3X9I1,mice_elastic,2.070329363153501,2.0357889578196784
B0LAE4,knn,1.1676560500209978,1.767726824409214
Q3TC33,mice_elastic,0.8625841651231746,0.2901306479462605
Q7TNV1,mice_elastic,0.5965843625132535,0.591046899736697
A0A087WQV4,knn,0.14334444543188835,0.5414502037073435
Q3TUQ7,knn,0.37867630729185986,1.4221357795145724
A0A0R4J087,mice_elastic,,
Q3U3S0,knn,0.8399116343900725,1.8394939676245978
F8WJD4,knn,0.8263826647833388,1.4642090611964707
A0A0R4J1Z3,knn,1.4794005334133626,1.509960923232984
Q9MD82,knn,3.0059478300261007,6.405146416575049
Q8VHC3,mice_elastic,,
Q99JR8,mice_elastic,1.805399008096605,1.2860623969731217
Q8BZR9,mice_elastic,1.5522420127902732,1.4684190730397328
Q9CR09,mice_elastic,2.3378533311654572,1.7686516975225568
Q9CQZ1,knn,1.0285132716055674,1.8657939810452795
Q80W04,knn,0.7319918038217506,1.885262247827592
A0A0G2JGL8,knn,0.13443678073239723,0.7347030318172064
Q8K3X4,knn,0.8960779185284068,1.0360364310255168
Q3UGC5,knn,0.7270103293617562,0.866983740005295
F7BGR7,knn,0.03681463987937368,0.5477931482904843
G5E8V8,mice_elastic,,
A0A0R4J1P2,mice_elastic,,
E9PV14,mice_elastic,,
Q50H33,mice_elastic,,
A0A1B0GR08,knn,0.03338858918812477,2.992146964012916
Q99LI7,knn,2.4591016191463564,3.2087682458403006
P17665,knn,0.7255363709972058,1.8139863811829053
P54731,knn,1.0518680172928638,1.0836273812515342
Q91YS7,knn,0.6279165620204354,1.1181020753528168
G3UZ60,knn,13.37503296100499,16.944879661983833
B9EJ96,knn,0.6519254937282164,3.244115021608146
A0A286YDN1,mice_elastic,,
B1AXN9,knn,1.2426199620180551,1.263965657123948
B9EI57,mice_elastic,0.306888093355356,0.24402079485324818
D3YYN8,mice_elastic,,
A8C1T7,mice_elastic,,
E9QK48,mice_elastic,,
B2KGA7,knn,0.3668136397838898,1.8838169938602336
A0A0R4J1I6,mice_elastic,,
Q3THB4,mice_elastic,0.790960747288987,0.7301430137001464
P28651,knn,1.7846296044030658,2.077827138111249
A3KGE1,knn,0.9150657410753544,1.570862373135269
D3Z7U4,mice_elastic,,
Q91VW5,knn,0.4421524470174576,1.4309788956931548
G5E884,knn,0.002295402858190639,1.3420953653238976
A0A2I3BRB9,knn,1.5815382620652008,2.061246394633246
A0A0A6YWM5,mice_elastic,,
Q8R1F1,mice_elastic,,
Q8CIB6,knn,1.259880006794526,1.6440800826419686
Q3TXY3,mice_elastic,1.4288942008665502,1.3649339434887175
Q69ZC8,knn,0.8343927692496899,2.5391013230953905
Q8K2H2,mice_elastic,0.7217495198256298,0.049320759642042175
Q91XU0,knn,0.21898465254658492,0.8253544082030756
Q8BRE0,mice_elastic,1.2114429018958512,0.5933206882786191
Q8BYA0,knn,0.4097138566888716,1.580381488075728
Q3U506,mice_elastic,,
Q197W7,mice_elastic,,
P63040,mice_elastic,,
Q9R062,mice_elastic,,
D3Z6H9,mice_elastic,,
Q543N5,knn,1.075077746478618,1.5399782190892082
Q9ESW4,knn,0.21142719134235416,1.4630603086389142
Q544L9,knn,1.2066672975424428,2.180233753772612
F8WJE0,knn,0.6296768943833531,1.2332546156168713
Q8BG73,mice_elastic,1.244888326120078,0.9795347487760659
A0A0A6YX33,mice_elastic,0.9541209786352358,0.94287831679688
Q8K412,knn,0.7645857519673833,0.8589460212244825
Q8R059,mice_elastic,,
Q3U837,knn,0.21213268469481852,0.9493845325845657
F8WIE5,mice_elastic,,
Q8VE22,mice_elastic,,
Q3U0S4,mice_elastic,,
Q8BFU3,mice_elastic,0.9768453343549811,0.2841112551484628
Q3TAR6,knn,0.12337396444669686,0.9081857346419593
B2RUR8,knn,0.5329491138327719,0.7315749863153344
A2AQ17,mice_elastic,,
Q920G6,knn,0.6257635309823443,0.7504454532561969
B7ZP47,mice_elastic,,
Q8C570,knn,1.1893453354660746,2.153336372011113
B7SNM8,mice_elastic,,
A2A6M1,mice_elastic,1.1566520522263228,0.9872179403916598
D3Z1H9,mice_elastic,1.2887053951005807,0.4228705216886561
Q8R4N0,mice_elastic,0.4797648344952436,0.19631202922583765
Q7TNC9,knn,1.159549208186363,2.1886499972699083
Q8K2J0,mice_elastic,0.6112355070020644,0.37040084440157783
Q3T9U1,mice_elastic,,
Q3TRJ4,knn,0.23254456218748876,1.6132657883992565
Q99L15,knn,1.6781144140926811,2.085840567350557
Q3TBD4,mice_elastic,,
Q3TZ80,knn,1.0145588882741376,2.408982209872908
Q8BH57,mice_elastic,0.7624011464645418,0.08847721726360228
P62715,knn,0.4337603789982425,1.6431067465684255
B9EKJ7,mice_elastic,,
Q05D44,knn,0.8967956949154449,1.1902307432827315
Q9DCV4,knn,0.1910006794101004,0.4379871892738877
Q3TLQ4,mice_elastic,0.8294853746340417,0.3170656712634276
A8Y5H7,knn,0.3855598821927641,0.7244065763290525
Q80ZJ1,mice_elastic,,
Q8C2N9,mice_elastic,2.370433023148169,1.2674829853072989
Q64442,knn,0.3295112700156566,2.325833619321685
P42232,mice_elastic,2.0191075302883372,1.0582439453320305
Q91V76,knn,1.1972782832577955,1.3731814698053009
A0A0U1RPA0,knn,0.38533176475675607,0.8215991918095475
Q8R1B8,knn,0.5816969351982787,0.7021527315560718
O70209,knn,1.8283654123182886,3.070202048536582
Q9D6M5,mice_elastic,,
Q9JIQ3,knn,1.0019668742210108,2.0668199838548453
C0HK80,knn,0.8311875760039075,1.6787067176096186
Q3UT95,knn,0.28095478854542016,0.912345277338759
Q6A0A2,knn,0.15345991584756738,0.6288496566091921
Q6ZPE2,knn,0.3254782920116637,0.6409902688143246
A3KN68,knn,0.40876956123919594,1.562723896173591
E9Q7L3,knn,0.1289022470191418,0.43701501201592663
S4R2L4,knn,0.7516638030488036,0.8801060595969015
Q6DFV2,mice_elastic,,
O70274,mice_elastic,,
Q9Z0G0,mice_elastic,1.7505441718397645,0.8019089961747139
Q3UMG4,knn,1.7658835473337517,1.974509499806758
Q9WU79,knn,1.3647329391922522,2.6057982490967264
Q9D387,knn,0.4414653815402894,0.5631579766330378
F6QFD1,mice_elastic,,
Q8R3Q6,knn,0.5149163808648878,4.615684406789597
P50153,mice_elastic,0.8405225165417303,0.3865090330055497
Q8CGF6,mice_elastic,,
Q3UZR8,mice_elastic,,
Q9CZX9,knn,0.7995048255648468,1.030233437366304
Q3ULN8,knn,0.4585022725369449,1.5029962705760789
Q0PD14,knn,1.2384010021082459,2.109434240365369
Q9Z199,knn,1.7151074827089479,1.9721914813917574
Q7TQG5,knn,0.7176041975803995,2.5379229345351626
O54962,mice_elastic,,
Q8CFR5,knn,1.6710904939357762,1.9357105202495055
O35654,knn,1.8138200772007935,2.521634720866063
Q3UZ63,knn,0.38265676709747104,0.9591356036383073
G5E881,mice_elastic,1.112381538612393,0.34384541552155723
Q9CQ45,knn,0.6842992951048122,2.149177827713161
Q3TP62,knn,0.2510816341642233,0.9858267008421466
Q3UGS9,knn,1.1940844264159511,2.350271579179308
Q61102,knn,0.15666973298720765,2.6346020753752293
Q3TSZ4,mice_elastic,,
Q9ERI6,mice_elastic,0.6048207066457252,0.39096020535678183
Q68G78,mice_elastic,,
Q8R0J7,mice_elastic,,
D3YZ09,knn,0.23658546788596335,0.5420448460890469
Q80TM9,mice_elastic,2.6514982863189314,2.5261552979821635
P15626,knn,0.6411292518950381,1.2256578939217702
Z4YJH1,knn,0.3146865095896048,1.125120341013776
Q9DCM2,mice_elastic,,
P08030,mice_elastic,0.4379909474665275,0.2677524208318051
E9PUC4,mice_elastic,,
Q8CJ53,knn,7.5847526691295455,7.854232268815561
Q9D0C4,mice_elastic,0.917106619396162,0.8779298069016416
Q8BHS3,knn,0.19239427308409382,0.9374138495756043
Q9CQU5,mice_elastic,,
Q9CQN3,knn,1.2518788554408413,3.0873902875769574
A2ASZ8,mice_elastic,,
A0A0R4J078,mice_elastic,,
E9PY61,knn,1.8198815025043542,2.437411982278983
Q54AC6,mice_elastic,0.9257795947816146,0.9180063111232767
Q9QXB9,knn,1.7440719290259463,1.8850290303979647
O08997,mice_elastic,2.300584738698368,1.93875836904579
Q9D328,mice_elastic,0.8457790026819987,0.5732834030071614
Q7TPS7,mice_elastic,,
Q8BNW9,knn,1.095406370038248,1.7391296265909402
Q3U186,knn,1.2846934416271816,2.082480791042726
A0A0R4J124,knn,2.0814803709109326,3.286409535414997
Q545S0,mice_elastic,0.3640511038995541,0.3273049817494656
Q6PDI5,mice_elastic,1.301431091456612,0.8480589970692581
Q0PD15,mice_elastic,0.7459416184018459,0.06442532158168693
Q3U6L3,mice_elastic,,
Q3TF02,mice_elastic,,
A2RS23,mice_elastic,,
Q4FJR4,mice_elastic,,
A1L013,mice_elastic,1.8834569952552138,1.4238211731124117
A0A087WRF2,knn,0.23324377652470052,0.4039581314914581
A0A140LJ79,knn,0.14752863500225866,0.6673063942424551
Q99J09,knn,1.332251561783398,1.9628921110551814
Q501L4,mice_elastic,1.1208162309819296,0.03490627408978825
Q9D7I5,knn,0.8251994031393522,1.502437363490709
A0A1Y7VMH3,knn,0.08902387019253252,1.9444598317793624
Q8VHL1,mice_elastic,,
E9QAH1,knn,0.6394381373969282,1.82658564452712
Q9JIG7,knn,1.4778859322574394,1.6361517608072111
Q8K133,mice_elastic,,
Q8K0Z7,mice_elastic,1.2963898235279856,0.6441794818580436
D3Z4S3,knn,0.7534021178308323,1.5078845705094064
G5E814,knn,0.9654674436811693,1.0030943335838771
Q3USB7,knn,0.43703337889163135,1.19970513833604
Q3TJ91,mice_elastic,,
Q3UK41,mice_elastic,,
Q3UHY8,knn,0.42749847907067,1.2270499814975717
Q9QYI5,mice_elastic,,
Q99KL9,mice_elastic,,
Q3UVI9,knn,0.19241522080401355,0.7325491997408005
Q9CYN2,mice_elastic,,
Q3U484,knn,0.20684963850338065,0.9418845439241256
Q80WF9,knn,0.49915162662727497,0.6932786643675269
A0A1L1STF0,knn,1.4514256211475876,2.6654254180130597
B2RWW1,mice_elastic,1.7785379927103337,1.663800244224945
Q9CQU3,knn,0.29625430573539563,1.8210464608914043
Q8K215,mice_elastic,0.7044931334070876,0.37480795803780165
F7BJK1,mice_elastic,0.5329247606527322,0.33788599406665415
Q80XD3,knn,0.3929610521051532,1.094909076368828
Q9Z266,mice_elastic,,
E9QAQ7,mice_elastic,,
Q8BTU1,knn,0.6256763922842183,1.5799844576963185
Q3V307,mice_elastic,0.20651282829535716,0.1529129214877822
Q9D8Y1,knn,0.8502018649157789,1.000773608969064
Q61554,knn,0.6515687467742611,0.7001316429709252
B1AT82,mice_elastic,,
Q52KR3,knn,0.6696615989412545,1.7756528381170626
D3Z7G3,knn,0.992757690484389,1.3955222419848876
A0A0R4J018,mice_elastic,,
Q8K0D5,mice_elastic,0.22565554963589554,0.1724348295215214
E9QKB2,mice_elastic,0.3056602695363889,0.09318183178004165
G3X9V0,knn,1.1453189986763184,1.521489526205545
Q9WTZ1,mice_elastic,,
Q80WQ2,mice_elastic,1.5242397157350533,1.5015028711070895
Q8VDK1,mice_elastic,1.7579407575122352,1.6863566601423179
Q9Z1K5,mice_elastic,,
E9PXY1,mice_elastic,,
B2RSW8,mice_elastic,1.216803808023584,0.627321754438191
Q8C5W3,mice_elastic,1.75408705423581,0.8824968327053091
Q3U6T2,mice_elastic,,
Q8CCJ3,knn,0.10843940702883353,1.028953962293096
A2AHX9,mice_elastic,1.5626232057718088,0.5203399853381707
Q3TGI9,mice_elastic,0.8217972039921271,0.41808104097781595
Q9D6D0,knn,0.878644100992213,2.5696709452948885
Q3UDK5,mice_elastic,0.5493064997774778,0.48444785338149393
A2AUC6,mice_elastic,0.9168307385131382,0.633389738086786
A0A1Y7VK19,mice_elastic,1.5262495309347486,1.3120213397246694
A2AQK4,mice_elastic,,
Q566K0,knn,0.20469489172800764,0.9081663304309744
A0A1W2P872,mice_elastic,1.1468884332369291,0.9387304425346261
Q9CRB2,knn,0.7312786543173788,1.1054014702128836
Q8CI71,knn,1.042154733779412,1.3412478131831163
A0A0R4J099,knn,0.28293675814659114,1.2321178921428901
Q5DTI3,knn,0.9870907506184123,1.303314307002707
A0A087WQM0,mice_elastic,0.24105349763806375,0.11991566596370871
Q6P9R2,knn,1.8455917700661257,2.27100729960648
I3ITR1,mice_elastic,,
Q3UIX4,knn,0.16231140177755113,1.328584660155907
B1AU75,mice_elastic,,
Q7TSV4,knn,0.4209806204100496,2.1328892774406385
E0CY91,mice_elastic,,
Q9DB15,mice_elastic,,
O88587,knn,0.9876930595680968,1.337855403793642
E9PXB7,mice_elastic,,
Q3TQI7,knn,0.7577343928855715,1.0785791757371426
Q6P8N8,knn,0.15194674168930897,0.17897146097115765
Q9CW79,mice_elastic,,
E9QP59,knn,1.3921921436745999,2.9541939878239227
A0A0G2JEP0,knn,0.19926462053829402,0.4214103231508327
Q8VE95,mice_elastic,0.5195523678715455,0.14424728225746444
Q8BR63,mice_elastic,1.6736659249029475,1.3970520840247453
Q80X90,mice_elastic,1.739333656474676,0.15611866082958914
Q9CR80,knn,1.9037837938140891,2.956024043257198
Q3UN47,mice_elastic,2.451432523277831,1.700985480756871
Q3U292,mice_elastic,,
P56388,mice_elastic,,
Q3UL43,knn,0.7438078736511613,1.1415639628843175
B1AQX9,mice_elastic,,
E9Q5W5,mice_elastic,,
F8VQ05,knn,1.0507845832259772,1.6735404465985795
Q99K28,knn,0.16826783631464748,1.3254870153125142
A0A0G2JFB2,mice_elastic,2.062708881253946,2.049399144258394
B2RQ18,knn,0.5837415165224603,0.8435868321034948
Q8BFS6,knn,0.7534144371912462,2.655620988935689
E9QPI5,knn,0.3021659899752771,0.3410118187305219
Q8R404,knn,0.11218682724048933,1.3176437569643162
Q8BTW3,mice_elastic,,
Q3TDI5,knn,0.9391489830410911,1.7196146155367606
Q6ZPU9,knn,1.4789025329364953,2.0561217736995263
Q544M1,mice_elastic,,
A0A087WPP8,mice_elastic,2.080156937413075,2.032642635587516
Q71M36,knn,1.8376981172036184,2.6275780409640577
Q9CQJ4,mice_elastic,,
A0A0R4J0D1,knn,0.9357810601980829,2.5215392757067967
Q8BV13,knn,0.4380577803116185,2.064540626342367
Q8BL65,knn,3.0977021023376436,3.2999295673862465
E9PWK1,mice_elastic,2.059667526481779,2.006974669941442
E9PYJ9,mice_elastic,0.03380452053274446,0.001945990891862467
P70188,mice_elastic,1.208338413379129,1.081564654009541
Q9Z1Q2,mice_elastic,,
G3FEZ6,mice_elastic,,
A1L3C2,mice_elastic,,
B2RWW8,mice_elastic,,
Q9CQN7,mice_elastic,3.1929247293362297,2.5153702017182957
Q9D8S9,knn,2.0004333101716414,2.112584006924142
Q8C163,knn,1.1399594454043096,1.4666889453967116
A2RTH5,mice_elastic,1.1283475239995102,0.2557888948934313
Q3U5K7,knn,0.674756878860661,1.4241436080864789
Q9D164,knn,1.0528869761357142,1.3124776027930107
Q9D7M8,mice_elastic,,
A0A0G2JEC4,mice_elastic,,
Q8VD75,mice_elastic,0.6772147680354952,0.5782764754674309
P70425,mice_elastic,1.166044577237524,0.867872523099738
O35127,knn,0.22496578796872002,0.42073370029424423
E9QM77,mice_elastic,1.6137340075276978,1.0043658610078283
Q2TBF9,knn,0.9218794029745764,1.1954293398095825
Q3UHB1,mice_elastic,0.9003719087882507,0.2487633231666441
Q9QYE6,mice_elastic,0.8935082230664311,0.6378133101543461
Q3UE37,knn,0.7548264928147598,1.4541339664442037
Q9ER35,knn,0.9931964990876371,1.3067557262053002
Q8K284,knn,0.7769886531309442,2.583408069422331
Q8HW98,mice_elastic,0.691719258334779,0.5025249475454288
F8VQJ3,knn,0.4430131648106079,0.557906727489419
A0A0R4J215,knn,3.5172220221311696,4.143925194329608
Q9D706,mice_elastic,0.8821023838185865,0.40784614309730877
P27612,knn,0.13417530466117258,0.48639470460604983
O54724,knn,2.4531855637867754,2.5810030252389207
Q80UI9,knn,1.354926664629484,1.9522194028534698
Q8CC88,mice_elastic,0.8028780701499716,0.45935522693757114
Q3TRJ7,knn,1.956997064371059,2.275996325710932
Q3TVP0,mice_elastic,,
Q9QXW9,knn,1.3229651787562065,1.8591288777831
A0A087WNV1,mice_elastic,0.32428316169132154,0.31357157498135046
Q5IRJ6,knn,1.5594824871189263,1.9267921453429266
Q9D967,mice_elastic,,
A3KG93,mice_elastic,,
Q9DBZ5,knn,0.9248392784780888,1.691871198110767
Q9EPU4,knn,0.32185323765141916,1.0748667955329796
P70697,knn,0.4689285846635062,0.6538175529395128
Q7TT42,mice_elastic,1.5850998106112137,0.8012333451959558
D3YWS7,mice_elastic,,
Q8R409,knn,0.1967799551466953,2.051409197362729
Q9CWQ7,mice_elastic,,
Q9ET26,mice_elastic,,
Q3UHQ5,mice_elastic,,
Q01065,mice_elastic,,
Q8R105,mice_elastic,1.0289552975239826,0.5707347146355326
Q8C838,mice_elastic,,
A2BI12,knn,0.6254582396248751,1.1499868990237063
E9Q481,knn,1.0032346998888222,1.7011744710786498
Q921H9,mice_elastic,3.0217735366828293,2.523697780623536
Q9CQY2,mice_elastic,,
Q9Z103,mice_elastic,0.30494912005092517,0.10027391916559214
A0A0R4J1P1,mice_elastic,1.382242586364151,1.0459598219186936
Q9D0B6,mice_elastic,,
Q3U967,mice_elastic,,
Q8CI51,knn,0.4507221959229153,0.5824218793413268
E9QNR6,knn,1.0004391951176645,1.5812657685478027
Q80UL3,knn,0.822155746769624,2.391077974031551
D3Z7M5,mice_elastic,,
Q61136,knn,0.2732618575038995,0.9003204816774607
A0A0R4J174,mice_elastic,1.1170471320290687,0.3357327205801633
E9PZI9,knn,1.4889567543389526,2.305896270338186
Q9CYI4,mice_elastic,,
Q80TR8,mice_elastic,,
Q3TDT0,knn,0.8964142504524707,1.4152356946375138
Q6NWW1,knn,0.27841361035814916,2.2019111607024997
Q3TGF2,knn,0.652183678428899,0.9458811046003923
Q8CHT0,knn,1.3265882628927534,2.315467847923298
P62911,mice_elastic,,
Q6P5I1,knn,0.05400726978478537,0.7622810078631245
Q9JM13,knn,1.7634797504060806,3.25790193640428
Q3UEI6,knn,0.06676377435179587,0.21421287462607752
A0A0U1RNU5,knn,1.4856712036463549,1.7706901824960302
Q80UJ8,knn,2.047102166935452,2.9020065010649563
P62862,knn,0.7341033032122808,0.7518566192688005
F6ZFT1,mice_elastic,0.5144773966686035,0.41135441009472307
Q9D3J1,knn,1.2941720864349064,2.5004875793579484
Q9JMC3,mice_elastic,,
Q6P3C3,knn,1.434485141206198,1.466935102949929
Q6PGJ3,mice_elastic,1.170831081332886,0.11019801567130957
Q549X4,mice_elastic,1.786434416337826,1.5340298055264
G3X8U3,knn,0.6249214938245233,1.6494189320038244
Q6PAL3,knn,0.4835019681490153,0.8781146164642101
A2AVJ7,knn,0.07431227832495214,0.23418451495269346
Q9DCT6,knn,0.5754065167212518,1.6259555518054447
J3QN61,mice_elastic,,
Q9D6K8,knn,0.9242097683639156,1.9932264196151186
D3YWX2,knn,2.0898730791055184,4.2338689689249716
Q3U3T6,knn,2.4953730914307903,2.7162120603736226
A1L3S7,mice_elastic,1.3297521474697198,0.39112192973528476
Q9DCM0,mice_elastic,,
A2ADY9,knn,0.7286066012935365,2.265079330662888
Q3TDD9,knn,0.12693991282062322,1.0578504739910461
Q8BMU5,knn,0.16830180499321765,1.1008021711604012
A0A0R4J0K1,mice_elastic,,
Q14DS6,knn,0.5366380466738606,2.9473971805644745
Q9CQR6,mice_elastic,,
D3YZ08,knn,1.4031577042152112,1.839594691467139
Q3TEF1,knn,0.7891544054565239,1.4411839115173346
P52431,mice_elastic,,
Q8CHW4,mice_elastic,1.815353987583152,1.119824614575926
Q3UH60,mice_elastic,,
Q9CQD4,knn,0.7518413892035528,0.8252909632905033
P60521,knn,0.9566176313568856,1.402665715334094
Q8C6E3,knn,0.7360200849346753,0.8420886363914752
Q91XF0,knn,0.2810614922803118,0.8331144573494695
A2ADR8,mice_elastic,,
P62077,mice_elastic,1.4082642466092932,1.3756535003968577
Q61823,knn,1.61149476396117,2.4380849411860956
Q3UA21,mice_elastic,,
Q8BTS4,mice_elastic,,
Q3UGK7,knn,1.654035036389353,2.8491329765132125
P11798,mice_elastic,,
A0A0R4J098,knn,1.627062307455788,2.369278381339821
Q99KC8,knn,0.8809175626754683,1.572449093888061
Q3UWQ9,mice_elastic,0.9020412363422843,0.5237853144730831
E9QM38,mice_elastic,0.5246584685629675,0.10162091875690835
P52483,mice_elastic,1.0892534508790876,0.8837508996196028
Q921V3,mice_elastic,,
Q9DAB3,mice_elastic,0.9398503629873312,0.43199980121286574
Q5M9N6,mice_elastic,,
D3Z7E5,knn,1.7912247110657769,2.3684757841852893
Q3UNF5,knn,0.6538897813759148,1.407685141219619
Q99JX4,mice_elastic,1.3816636680118302,1.2871263335469176
Q80SY6,mice_elastic,,
B2RSH2,knn,0.930675782557097,1.2453905259092803
A0A1L1ST61,knn,3.542870198924704,4.044065057257031
Q3UVL4,mice_elastic,1.1727033426126314,1.0159578359533736
Q3TET1,knn,1.2613673787613702,1.7269606238755242
Q3TLU0,knn,0.4942491945765558,2.0153891168711096
Q91W53,knn,0.5549414261427245,1.422028219349528
Q6P9T6,knn,0.055778489931858494,0.5247705397975163
Q8BJQ7,mice_elastic,0.5247912437016798,0.46102797816490054
Q9D8X2,mice_elastic,5.308988180914346,4.239124598702822
Q61249,knn,0.13539736323829418,0.9321737850769951
O70299,knn,0.6419890912809254,2.33006921599776
B2RSM5,mice_elastic,,
G3X949,mice_elastic,,
Q3TWN8,knn,0.47214932950169314,0.496772691703185
P61458,knn,3.1487324363804228,3.8237427160098805
A7VMV2,knn,0.42855211024596906,0.45164366164115033
Q8BH69,knn,1.560778259912757,2.889393501708784
A2AQR0,mice_elastic,,
Q9D1Q4,mice_elastic,7.129810363100867,6.746257140397399
Q5XK33,mice_elastic,,
Q04750,mice_elastic,1.817965313429854,0.9357715803702713
Q9D1M4,knn,0.058276416397039545,0.6002613765027415
Q8CFX0,knn,0.20428825993838406,0.8105560851470944
A0A1W2P7J9,knn,1.9813770123220333,2.419659753052228
B2RXT8,mice_elastic,,
Q8BU14,mice_elastic,,
G3X9Y5,knn,1.2745004491743959,1.3818635550259948
Q3TKM9,knn,0.8304821764371004,1.2156827775201884
Q9CYG7,mice_elastic,1.0264280074642158,0.18536340338343524
P52430,knn,0.9656177186728406,1.3356041805285475
Q8VDS4,mice_elastic,0.539899684494267,0.36447274420733616
Q05DE0,knn,0.8474833611509875,1.1068452413871608
Q5SWN2,mice_elastic,,
Q6PDY2,mice_elastic,,
Q68FL0,knn,0.1992570956218312,0.31497438697915847
Q059U9,mice_elastic,0.5550657772534836,0.44951572426047176
Q80ZZ0,mice_elastic,0.7430850618124558,0.40768889731897673
V9GXD9,knn,0.5508427270522256,1.1385053555325568
E9Q9A0,mice_elastic,2.141314646504191,2.0373089581767356
Q3UFD0,knn,0.5525211718390827,2.5607126932309776
Q9EQC8,mice_elastic,0.49559343859942384,0.49364361938630713
Q9CQM5,knn,0.6135769753367281,0.9373165018694615
Q3V331,knn,0.2431415589180177,0.564353823712634
Q3USE0,mice_elastic,0.22247738362194133,0.1693203108556822
Q8BYW9,knn,0.4506405316273697,1.647212922910676
Q7TNS2,knn,1.036578433783391,1.7462097717721279
A2AQL0,mice_elastic,1.4043627123844706,0.7538663005650844
Q02257,knn,0.671785738996074,1.8073930442643444
Q3UX10,knn,0.6817247144508608,1.3872089904814318
Q78T54,knn,2.4958193219453784,2.831021746251107
Q9CQ48,mice_elastic,1.0683344245060344,1.0056188426728336
Q9D824,mice_elastic,,
G3X9G2,mice_elastic,1.0003453433707812,0.8125261620434192
P37804,knn,0.7355222161926808,0.9211940894430294
Q0VAW6,knn,0.502173885009789,0.839477308814866
Q9R1Z7,knn,0.554319498646797,1.865389748919364
E0CYH0,knn,0.9116244592835546,1.2035072206921953
G5E8Q5,mice_elastic,,
Q8QZY9,mice_elastic,0.928199702860772,0.16648379211851325
A2A9Q2,knn,0.2916308465517847,0.42794012972090106
I3PQW3,mice_elastic,2.209130593370938,2.1862248107184743
Q54AG5,knn,0.08759833963454024,0.6182473598036062
Q78KL9,knn,0.26697481881820445,0.32683279419692374
Q3UYK8,mice_elastic,,
D3YX85,knn,0.13034993093266423,0.9648496747544999
Q792E4,knn,0.3158378046706239,0.34035714298186853
Q91X97,mice_elastic,,
Q3U4A3,mice_elastic,1.2769156479590829,1.0360139982570833
Q9Z2L7,knn,0.7313594662183103,1.5738447542112477
Q80WR0,mice_elastic,,
E9Q8K8,mice_elastic,1.6165968087271056,1.3420194801778773
Q3U3H5,mice_elastic,,
Q80V79,mice_elastic,1.0648964674875447,0.2300637519105568
Q7TT37,mice_elastic,1.0693971107376907,0.7354673743460489
Q3UJR8,knn,0.3729120217810623,1.0408677841435905
A5A4Z2,knn,0.8577802125354672,0.9061370604102639
Q9D2V7,mice_elastic,1.7763185436584132,1.2698355177082206
H3BKM2,knn,1.0118081602468407,1.0758621221481963
Q3TVJ8,mice_elastic,,
Q3UHC4,knn,0.6063208150280203,1.716732332182426
A1ILG8,mice_elastic,,
A6H630,mice_elastic,,
D3YU50,mice_elastic,0.6152654211693186,0.449612197373465
Q8CCV5,mice_elastic,,
P12849,knn,1.1366116941218598,2.135934981281815
A2A5R2,mice_elastic,,
Q9D7J4,mice_elastic,15.628940078374791,14.91702024693678
E9Q7U2,knn,0.5822110996615728,0.7526311067399009
Q3V2C6,mice_elastic,,
Q91X96,knn,0.6167083713184864,1.865681845648937
Q9CY49,mice_elastic,,
Q543N7,mice_elastic,,
A0A158SIT3,mice_elastic,1.4872704871774094,1.1741322942702057
Q3TWM9,knn,1.6694745016808916,1.7118893762725507
Q80ZJ7,mice_elastic,,
Q8R0H9,knn,1.9498629483944812,2.913711561374907
Q8BYY1,mice_elastic,,
A2A6U3,mice_elastic,1.5866109446553796,0.3757499212452129
G3UY75,mice_elastic,1.2869856596834353,1.025165143261139
G3X8X0,mice_elastic,,
Q921Z9,mice_elastic,,
Q3UDU9,mice_elastic,3.5152906025478665,3.231064630916412
G3UY42,knn,0.6352510285472979,0.9607637906204758
P13864,knn,0.3027903068293153,1.4055087323128856
Q8BNS0,mice_elastic,1.4781168201694914,1.1938786500897758
D3YUE4,knn,0.18341970398979826,0.9592866680482321
H3BIW6,mice_elastic,,
Q80YP1,mice_elastic,1.801568350968095,1.5997400055746624
Q56A08,mice_elastic,,
Q3UYB8,knn,0.47128124316987996,2.297634437676361
Q8BWW3,mice_elastic,0.679400633090149,0.02949790078700406
Q3UME9,knn,1.191120285998985,2.1294879051209006
Q8CAV3,mice_elastic,1.845371008529952,1.2632824860673966
Q569X3,mice_elastic,,
Q9ERT9,mice_elastic,3.6723407089695304,1.3977619257838196
Q61838,mice_elastic,1.2921130417007118,1.243339807499087
Q9JKY0,knn,1.5168020015616428,1.9010634408499452
Q7GIP5,knn,1.1159986631321628,1.1821937787976142
Q0VGN5,mice_elastic,,
A0A0X1KG60,mice_elastic,,
Q9DBS5,mice_elastic,1.3317680817788917,1.127814976911132
A2AJ72,knn,0.1793484422389795,0.4510854964132903
Q60520,mice_elastic,,
P62274,mice_elastic,,
A0A0R4J0M1,mice_elastic,,
Q6P6M7,knn,0.1737343953776904,0.6111627357166912
A0A1I7Q4G8,mice_elastic,0.522238842741943,0.024554700544120515
Q91WP9,knn,1.5448339142000886,2.659429205363902
Q8BR90,mice_elastic,,
A0A158SIT5,mice_elastic,,
B9EKS2,mice_elastic,,
B2RWZ9,knn,1.7964789000750145,2.988713334941501
Q8C0W0,mice_elastic,1.0486146446375522,0.1993844483882799
B7ZN22,mice_elastic,2.2559809473019348,1.1201276255329218
Q3TBF1,knn,0.7562399477499883,1.6673821113861258
P43275,knn,1.0552187864059979,2.591993288805489
V9GXH3,knn,0.6672379563094402,1.951085902629693
Q8C497,knn,0.058567841138551804,0.987219821375743
Q6ZQI3,knn,1.1104142163413055,1.5242723702557954
Q3UAF7,mice_elastic,,
Q6P1F5,mice_elastic,1.0460282103261018,0.003964765699393326
Q3TI65,knn,0.39088275313513776,0.9378500565293606
Q8BFQ8,mice_elastic,,
B9EJ23,knn,1.6886271118849343,2.0557619510947767
P16054,knn,2.3225454774201624,2.7015852299696768
Q7JCX7,mice_elastic,0.7931716302294125,0.4487042494289485
Q3UZP4,knn,0.7693834167019118,1.2906371623245811
Q8BSN6,mice_elastic,,
Q8VH34,knn,0.2966756598101937,0.6167180362815785
Q9D1H6,knn,0.573860564751755,1.9753640093829565
P12815,mice_elastic,,
Q3UYM8,mice_elastic,,
Q00899,knn,0.9118180172856887,2.463734624723447
Q9EQS3,knn,1.7905786399717507,3.2897083005648575
Q541Z2,knn,1.1175373019639756,1.6590292119330967
Q61411,mice_elastic,,
E0CYV9,mice_elastic,,
H3BL41,mice_elastic,0.5425742735066541,0.2621005490987312
Q8BRF7,knn,0.06214031962159807,3.396024008146356
Q3U0L2,mice_elastic,0.20952503179524484,0.11829274380937703
A0A158SIT0,knn,0.5437418598933703,1.5920271763639842
D3YU12,mice_elastic,,
Q9JIK5,mice_elastic,1.5195693854218637,0.965036440345537
Q9QX60,knn,0.9436028660193208,1.0411759163332674
Q5M8N4,knn,0.26603840218890423,0.5363068802126456
A0A1Y7VN19,knn,0.6985641622310867,0.7047035082302584
E9Q1W3,knn,1.1139049477270793,1.71344766437037
Q9D6T0,knn,0.03323060616592371,0.7434292044545997
Q8VE70,knn,1.6016698273217522,1.6784365045261957
Q52L50,mice_elastic,1.0539509500778488,0.6497902055153671
B9EJ54,mice_elastic,,
Q8BIV6,knn,0.4016040080938512,0.9736302218215322
B7ZNF6,knn,0.3064360193059013,1.079994729834036
Q9WVA4,mice_elastic,0.917538173172411,0.6398288754736511
Q6PDL0,mice_elastic,2.2961773451347445,1.8181146856806523
Q9DBR7,mice_elastic,0.602296270141383,0.4856886382931645
Q6PCP5,mice_elastic,,
Q8CHP5,mice_elastic,,
Q4V9W8,mice_elastic,,
D3Z079,mice_elastic,2.05252937470404,1.181168057560849
Q3TN26,mice_elastic,0.6457218633022211,0.1343838173133023
Q9D0L7,mice_elastic,1.429777551053258,0.6971161992959928
Q3UIH7,mice_elastic,1.1432174956671672,0.31305399211075635
C0HKD9,knn,0.8139716278200202,2.1674166553277945
Q8BIF9,mice_elastic,,
Q69ZY2,mice_elastic,,
A2A8E2,knn,2.8769745597726586,3.1377350463000466
Q3UNN2,mice_elastic,1.509479864930391,1.2425089058687322
E9Q557,mice_elastic,3.484599140594158,2.8714653871859563
Q8R3N6,knn,0.365639053138488,0.6989993633953048
B1AZI6,mice_elastic,,
Q9JM14,mice_elastic,,
A2A6K0,mice_elastic,,
Q8VD72,mice_elastic,,
Q3TIF7,mice_elastic,,
Q7TQ95,mice_elastic,1.2139638402016253,0.7194439822393089
Q3TVI6,knn,1.7678218746042749,2.3125652946023902
Q505D7,knn,0.4533108156049979,0.8958320440208067
Z4YJW0,mice_elastic,,
Q545I9,knn,1.7435821006767296,2.0462835453982833
Q9CQJ6,mice_elastic,1.394311836385803,0.9109490360747433
B3V097,mice_elastic,1.9993169437812162,1.9001952210283597
Q8BTX5,mice_elastic,,
Q9D832,mice_elastic,0.746898996104415,0.042605421211719424
E0CXA9,knn,2.026353397509184,2.411704205611781
A0A0R4J0U2,mice_elastic,,
Q3TWW8,mice_elastic,,
Q3UDS7,knn,0.8866791263868525,1.2761757891787444
Q99KG3,mice_elastic,,
Q8BH30,mice_elastic,1.48848229595021,0.4966122989246987
Q3URS9,mice_elastic,1.4503415723588124,0.19665777419697902
A0A0N4SVK3,mice_elastic,0.5452754018003845,0.44466353032429246
S4R294,knn,1.3990370927356741,3.413771476690169
Q6PB44,knn,1.0647221847022468,2.183662811768628
Q8CFQ6,knn,0.6148778960066309,1.970974503631856
Q8C9G0,knn,0.27192809338753965,0.8565578862934868
Q3TMV8,mice_elastic,1.6376075774069065,1.499600524718716
B7ZC90,knn,0.4191610685656415,0.9943659193980705
Q9CPW7,knn,1.3970246969350644,2.321285435939286
B2RQQ7,mice_elastic,0.6228604994288991,0.46175668745018356
A0A286YEB7,knn,1.2810406322282,1.4898656605438403
Q14AR0,mice_elastic,,
Q8JZX4,mice_elastic,1.5729906515945435,0.7226818395097419
Q544H0,knn,1.7479904649630538,2.2129532251733393
Q8K2F8,knn,0.14835937556955395,0.9378079728867184
Q9WVL0,mice_elastic,0.8610008544853305,0.7359976635224911
Q9D394,knn,0.5088342104731731,5.284584180097095
A2RS58,mice_elastic,1.4747421403694545,0.85206749945769
Q80TL4,mice_elastic,1.117196053312416,0.6890513156209968
D3YX27,mice_elastic,1.338257004447223,0.3146465282561406
P61965,mice_elastic,1.8020546230311754,0.9840030390688804
Q8K354,knn,0.16860879792314215,0.4286922306379668
Q541E2,mice_elastic,,
A0A2I3BQP6,knn,0.8645252194555207,1.2103216471761884
Q3TY06,knn,0.07980250798521613,1.3095819930368642
Q9D273,mice_elastic,,
G5E8R4,mice_elastic,,
A0A286YDB7,knn,1.3220038041388085,2.3736916090370026
Q3B7Z2,knn,0.1182763286819391,1.4322939088741187
Q6P5D8,knn,0.22728590000994775,3.241730794158261
P68181,knn,0.3652047346513741,0.6449214123480295
P97390,mice_elastic,,
Q6P5C5,mice_elastic,,
B2RY27,knn,0.02255256362206014,0.22074946621882
Q9JKL4,knn,0.8102140122695146,1.0838632031616036
P68404,mice_elastic,0.48614570916289224,0.45566725406835573
Q68FF6,mice_elastic,0.8865776202414953,0.22178342619533842
Q3U6G1,knn,1.1965798052364365,2.9469563905687477
Q6P8X1,mice_elastic,,
Q6HAA1,mice_elastic,,
Q8BGB7,mice_elastic,,
Q9CQ91,mice_elastic,1.5980028551156544,1.3591781539534893
Q8R4X3,mice_elastic,,
Q9D2U9,knn,0.10052831317777279,1.4372472633571367
F2Z4A9,knn,0.42942761125672757,1.0676092955227108
P84075,mice_elastic,,
A2RTH4,mice_elastic,,
Q8C8T8,knn,0.26813340224584614,0.8837124814770835
G5E8G0,mice_elastic,1.0025453901433707,0.9023493635317796
Q9CYT6,mice_elastic,,
Q3TC46,knn,1.4059857802728093,1.8642930121106303
A0PJE6,knn,1.2878712130930743,2.6736366673092613
Q8C9B9,mice_elastic,2.7165668861097894,2.6883807553686445
Q69ZK9,knn,0.6069861622769878,2.1118948994672047
A0A0R4J0G0,mice_elastic,0.7955324446025062,0.4965504228972375
B8QI34,mice_elastic,,
Q3UGC8,mice_elastic,0.8836450083869254,0.6764361359804517
Q6PAR5,knn,1.2651056536642205,2.2660032079238066
E9Q7G0,knn,0.51052751984308,1.2049178232732403
P58044,mice_elastic,0.7238454760027319,0.025226978799571323
H3BL37,mice_elastic,1.0572920597094095,0.21334829829239368
Q8C050,mice_elastic,,
Q3TEX7,mice_elastic,,
Q8R570,knn,1.1310494588579614,2.41243853939652
P54763,knn,2.3736638904113883,2.556448745368151
Q9CWU6,knn,0.9719674113628114,1.724980192977386
Q9CVI1,mice_elastic,,
E9Q9C2,mice_elastic,1.5231057753088846,1.2330322515345165
Q9CQV1,mice_elastic,2.238650918986139,1.105606363990618
A0MNP4,knn,0.11420960581514174,2.00958487205718
P97792,mice_elastic,1.4260037748618246,0.8389301055550775
B2RRY8,mice_elastic,0.6875579785898506,0.26811954985627606
Q8BHC4,knn,0.08002381378765101,0.12238646983931652
Q3TMZ1,knn,0.5950994628039735,0.6415671117116615
A1L340,knn,0.36317436966525835,0.5203301840447306
Q8K2L8,mice_elastic,,
Q3U4Y0,mice_elastic,,
A2RTC8,mice_elastic,1.4615063977685012,1.0005560216172615
P11531,mice_elastic,,
Q3UE40,knn,0.2892911700379915,1.1916410429163213
Q99LB6,mice_elastic,1.3407955759668162,1.2253982995616175
B1AZ39,knn,0.8593229092016011,0.9627231557236845
Q4FK57,knn,0.6545080857319455,1.7640192342251602
Q547J4,knn,0.9161423598855831,1.207066936699543
Q3TIX9,mice_elastic,,
P52479,mice_elastic,,
P97760,mice_elastic,1.841131491022359,0.9148304569884853
Q3U1N3,knn,0.29746122866122876,0.923733952819534
Q14B01,knn,1.5381895169232336,1.6046389597856854
Q3TEL0,knn,0.5053938790296039,1.559731028876992
Q78NS1,mice_elastic,1.0460312309863085,0.7029973462075195
D5MCW4,knn,0.8409702544572749,2.3748075880814414
Q91VT4,knn,0.5782717114487907,1.0880122938016061
A0A0A6YWB0,mice_elastic,0.6147093445033849,0.3685013658756035
Q3TPX5,knn,2.0793371738279824,2.7987497555294807
Q5SNZ0,knn,1.4907953439865327,2.427624972462923
E9Q2B2,mice_elastic,0.3501647729540841,0.10712556539926502
Q3TA75,knn,0.947259057349779,1.5529300365547751
P16332,mice_elastic,0.19419307626927135,0.1507300912696692
Q99PL6,knn,0.8728616123293464,1.5757999340760334
A2AKI5,knn,1.7167113639516078,2.27513231910087
P21956,knn,0.29928272056256094,1.111918852876964
Q8BWR2,mice_elastic,,
Q9QZH3,knn,1.0153367118909105,1.1861538481847966
P15327,mice_elastic,0.5243948365724888,0.5134686570483706
A0A0R4J041,mice_elastic,,
A2AP88,knn,1.3926718270079375,1.8742677628321267
Q8VC33,knn,1.054361124618113,1.9940110062714609
Q3U0D7,mice_elastic,0.6142813902586154,0.4952045498763275
O35551,mice_elastic,,
Q8BUK6,knn,0.9477667805358918,1.95816357258019
Q78P92,knn,0.249658647457318,1.0675759491704468
A0A0J9YU83,knn,0.24555090782861907,0.9465257435932305
Q9DAU1,knn,0.23063110736770637,1.0581845639144696
Q5NCI4,knn,0.35704493414705557,0.3940244916358989
Q8BK67,mice_elastic,,
Q5SUH6,knn,0.8628805455899031,0.9815312118122629
Q0VGU0,knn,1.216352571129702,3.80799628578291
Q8K124,knn,0.6930637257262705,3.358363215976845
Z4YJU8,knn,0.427232391892634,0.8050707943591601
P98200,mice_elastic,1.1792501873813521,1.176668804523752
Q8BI84,mice_elastic,1.6336763095018012,1.0691829546576386
A0A0R4J034,mice_elastic,,
Q544T2,mice_elastic,,
Q545Q8,knn,0.15484855192379277,0.4889925586468331
Q8VBZ3,mice_elastic,,
O55240,mice_elastic,,
Q9ERL9,knn,1.3387824128333492,1.8819082751483642
Q921T2,knn,1.8371814346782493,2.082893371462667
P62073,knn,1.82738810656366,3.3297293488702726
Q922Z3,mice_elastic,,
Q91WA8,knn,0.9998459417030041,1.568160913746475
G3UVU2,mice_elastic,,
Q3UJS2,knn,0.9305380777645693,2.835392814577627
Q3TIU4,knn,0.6277760128343237,0.6779594144066617
Q3UUG6,mice_elastic,0.7662057554786063,0.3856561469528586
Q922V4,mice_elastic,,
Q9D3A9,knn,0.3719335450944848,1.428204084540995
B2RQS1,knn,1.2094200029876891,2.2064485717387647
Q3UMR5,mice_elastic,0.245743650359959,0.07546114364243725
Q3UG16,knn,0.44694024765515583,0.733631686093521
Q6NXJ0,knn,0.7424722941518928,1.276815962670114
Q8R0F8,mice_elastic,,
Q9CSH3,mice_elastic,1.1096642152105234,0.8506834401988999
Q3USR8,mice_elastic,,
Q5DTM8,knn,0.5867085502534152,1.6173404140181167
Q5HZI6,knn,0.20709692437198374,0.3579065776765059
B5TZD5,mice_elastic,1.1404374351964999,1.102000443502069
Q9JL56,knn,0.4727380075087973,0.9955508616851096
Q543M7,mice_elastic,,
Q921W2,mice_elastic,,
Q9CRC9,knn,0.43562685426218345,0.7333317880395817
Q91WE2,mice_elastic,2.839919428360199,2.5401450255271723
A6H669,mice_elastic,1.325083386784862,1.059785791082828
O35599,knn,1.9219494813862914,1.9649548764144749
Q7TMY2,mice_elastic,,
Z4YKM2,knn,0.049491979222598896,0.626785218945234
Q9CQ49,mice_elastic,1.2143487576895489,1.0711208385045967
Q3UKN6,mice_elastic,,
P0C028,mice_elastic,,
E9Q390,knn,0.8087708274043132,1.0721076219766148
Q3TDX2,mice_elastic,1.2375102675120062,0.8130809344956104
Q921M8,knn,0.3000312261426894,0.362658029009747
Q91VZ6,mice_elastic,0.2355392188790091,0.2207759997308579
E9Q616,mice_elastic,,
Q3UQA7,mice_elastic,,
Q8VHC5,mice_elastic,0.48623495628120994,0.02093811544751682
Q3TU79,knn,0.3588098178557093,0.4701314982469841
Q3UHD6,mice_elastic,1.198834888987413,0.20291726778485278
Q91VC9,mice_elastic,1.0063783241679065,0.6222459183726318
Q9QZQ1,mice_elastic,0.7775060774658771,0.5905973498022941
Q9WUD1,mice_elastic,1.0719675437192988,0.033850023138138806
Q9JJD1,knn,0.3811257666558802,0.3884738319660148
Q8C1Z9,knn,0.43612159906152437,0.7201959661506805
Q91V64,mice_elastic,,
Q9WU28,mice_elastic,0.8993769857273373,0.5900496816379338
Q8R1V4,knn,0.9615151303830722,1.1013759686623266
Q9D020,knn,1.2076685424531302,2.9730127398105504
Q3TLE2,knn,1.1091084473566457,1.24019207605852
Q3TU85,mice_elastic,,
Q3URS8,mice_elastic,1.8018959716103742,1.7109257186331985
Q9D1M0,knn,0.06215500239881741,0.21474298184780202
Q64737,knn,0.5554618757976942,0.6165937171147303
Q3TW28,mice_elastic,,
Q543R4,mice_elastic,,
Q3TPX4,knn,0.7221143391344467,1.168274140253916
Q8C7F9,mice_elastic,0.29719002771698516,0.2697417756512279
Q543C7,mice_elastic,1.1975263106523164,1.013202623534206
Q60900,mice_elastic,,
P11352,mice_elastic,,
A0A0N4SVL0,mice_elastic,0.6496211929639427,0.2611077021461286
Q9Z0H8,knn,0.27558621445385434,0.3244689557972694
B1AS46,mice_elastic,0.6771532336243395,0.4081773196708716
P97429,mice_elastic,1.771333298808027,1.439563203963433
D3Z315,knn,0.16970883972297074,0.7064782117566533
Q3UK85,mice_elastic,1.4425311700323187,0.30456340861308506
B2RRE0,mice_elastic,0.8902566672544475,0.7192387408614009
Q3TIV5,knn,0.8608898958058714,3.2816008370078227
A0A0N4SVC2,mice_elastic,,
E9Q640,mice_elastic,,
O89112,knn,1.223145887175862,3.0828430551812342
A0A0R4J030,mice_elastic,1.3283850243353486,0.65617431171815
B8X349,mice_elastic,,
Q8R2R9,mice_elastic,,
Q8BRA9,mice_elastic,1.1488525874802116,0.5359178755797565
E9QNY9,knn,1.8022483271667356,1.9673838663323238
Q542U7,knn,0.27832894660867985,0.8052123881252867
Q9CPX6,mice_elastic,1.2756151086007563,0.15199713110485324
B2RRY4,mice_elastic,0.9954590099405212,0.7879249982904357
Q3TPD9,knn,0.09409559187052012,2.5791326423940264
P09055,mice_elastic,,
A2AQN4,knn,0.5830360482036598,0.7774114716720071
Q9CV53,knn,0.7390869556855871,0.9866855847751715
P49586,mice_elastic,0.905213696078843,0.904828985907683
A0A087WNP6,knn,1.5939112622481586,2.626626316440679
A0A1L7NR37,mice_elastic,,
Q8CBM2,knn,1.3788335791230741,1.573188038991238
Q3UMQ2,mice_elastic,0.9103857361399184,0.5401591525354661
Q6NV54,mice_elastic,,
Q9WTX2,mice_elastic,1.0127928332816412,0.38283134247552875
A0A0N4SUH8,knn,1.935818948532717,2.894726671309726
Q9CQM8,mice_elastic,0.31241452989598556,0.04928980546528259
Q6ZQ08,mice_elastic,,
G3X9H5,knn,2.448036790446481,2.534763872098388
Q9WTX6,mice_elastic,,
Q3TWT2,mice_elastic,,
Q5RL55,mice_elastic,0.6991289161425899,0.3401948092702806
A0A0R4J0I1,knn,1.384827443612259,1.3938270157725692
A0A2I3BRL8,knn,0.8873660088937629,1.6797649286003526
Q8R050,knn,1.4341345441539528,2.282288776507884
Q4FJK0,knn,0.37191414692549263,3.2534822524984364
Q570Z8,mice_elastic,,
D3YYT1,knn,0.03541435653760412,0.21206710801930057
Q3V214,mice_elastic,0.30974488512675935,0.18347010062296346
A0A0R4J1N7,knn,0.8992818517901505,1.3258858389660602
A0A1D5RL92,knn,1.8840968389742632,2.310234680084109
Q8BH44,mice_elastic,,
A0A1D5RM85,knn,0.7944301340640509,1.8809072602653423
Q9D6Y7,mice_elastic,,
I1VGT6,mice_elastic,1.5252829293771437,0.0837153366196495
Q3U1S6,mice_elastic,,
Q6P5H2,knn,0.49805432147887835,3.5135096312456655
P16015,knn,0.9519739783147805,1.4156737799799137
Q99KR7,knn,0.4745918820668011,0.8238288312457239
Q8C4E7,knn,1.9074799131561433,2.8751481053781296
Q923G2,knn,2.104841541719166,3.138145818810853
Q542P4,mice_elastic,,
A0A0A6YVU8,mice_elastic,3.2423012313509,2.6817999226086573
Q3UBX0,mice_elastic,6.346723204645977,5.442980952631535
Q549A5,knn,0.3185113050424595,3.184395321384501
Q9EQP6,mice_elastic,1.9268392554516187,1.887690093496031
Q04690,mice_elastic,1.0699070399789914,0.23241442551569239
Q6A0D1,mice_elastic,,
Q9DBH5,knn,0.05501931049655482,0.6248376239895683
Q80VP0,mice_elastic,,
Q80YU9,knn,0.36112244824791156,0.7068769490420196
Q91ZH2,knn,0.2873170368596966,2.494424239516799
O88704,mice_elastic,0.726171403452391,0.47245643544604576
Q3UQM7,knn,0.7866327183523756,1.7348204540682628
Q8C3V7,knn,0.7099993217838484,1.465975902195758
Q52KP0,mice_elastic,,
Q5M9K1,mice_elastic,,
Q8VCT3,mice_elastic,,
B7ZW94,mice_elastic,,
Q9CWW6,mice_elastic,,
Q6NZL0,knn,0.08585899914956861,0.37165056737388436
A0A087WQS2,mice_elastic,,
P36916,knn,0.27419039915997684,0.47080254631648477
Q80U51,mice_elastic,,
Q8C7R4,knn,1.1507353179032753,2.32140089003419
Q3TYL9,mice_elastic,,
Q4FJM5,knn,0.4781035443041638,1.6399730185376655
F6T9K1,mice_elastic,1.2218605070852018,0.6481295105694432
Q0VBU4,knn,1.6411381323559946,2.400269198137788
Q811G0,knn,1.0685662695991853,1.2102849999712113
P61804,mice_elastic,,
Q4VBX4,mice_elastic,,
Q8R2S3,mice_elastic,1.4689167879207314,1.202155455704037
P56375,knn,0.3186196671910564,0.35647046787979164
Q68FH0,mice_elastic,0.4123860632593109,0.24849210362894805
Q9DB60,mice_elastic,,
Q3UZN6,mice_elastic,1.0075509648634478,0.20551466096906426
Q62383,mice_elastic,1.7031474716915291,1.0048192229631936
Q5U458,mice_elastic,,
A0A0R4IZW8,knn,0.7609727556243395,0.9901076581841974
Q8BIS8,knn,2.5202798168798166,5.697870852739246
Q63943,mice_elastic,,
P16045,knn,1.702050620494378,1.8432442050704418
Q6ZWQ6,knn,0.5164205534211793,2.1321649094232513
Q9CWI9,knn,0.6883365802643227,1.613167101321905
Q8R5J9,mice_elastic,1.4307880231961159,1.366223744945255
Q3U5Q7,mice_elastic,1.6726381171726459,0.3696579744165201
P40240,mice_elastic,0.6499846306420446,0.5392225429859152
D3Z2Z1,knn,1.4010308327294445,2.0772451964684593
E9QAI5,mice_elastic,,
Q9WUP7,mice_elastic,,
Q9D104,mice_elastic,0.262520919442041,0.08425928003959561
Q5D0A4,knn,0.07567771557496708,0.8716743526298237
A0A0R4J008,knn,0.32614546379291276,0.5470656230035627
Q9DBQ7,knn,0.19935822940111805,1.4449514691273946
P36552,mice_elastic,,
Q99LR1,knn,1.4451636734954638,2.1703627655280915
Q80VM5,knn,1.2218741153868748,1.3898546903510987
O54946,mice_elastic,,
Q91W39,knn,0.2427001430994377,0.7068550153026956
A0A0R4J0X5,mice_elastic,,
Q9D725,knn,0.03268044262472049,0.8929477384073897
P60469,knn,1.197445312129453,1.5474135664823003
Q8VBV8,mice_elastic,,
Q1WWK3,knn,0.27336297274602406,0.424776844860582
Q9CRY7,mice_elastic,0.753562132266782,0.6831895549592479
Q91VR8,knn,0.9439279077144916,2.0648547341391277
Q544R1,mice_elastic,0.8452366507853265,0.10056841365441507
Q3UTV3,knn,2.0212086079714924,3.2328185458672016
Q1XID4,mice_elastic,1.587334985365492,0.6319362908984179
Q99J08,mice_elastic,0.35589458972308424,0.21594710663908434
Q3UMP2,knn,0.7555617058350984,0.8314935351413634
Q3TIJ4,knn,2.420367014541305,3.1137771496579725
Q8VDQ8,knn,0.46433871555837924,0.7040475186163743
Q9D289,mice_elastic,,
Q4KL41,mice_elastic,0.4353005611237456,0.11796195125983643
E9Q0N0,mice_elastic,,
Q3UHW2,mice_elastic,,
E9Q6P5,knn,2.567824847834244,3.71789599462388
B1GX80,knn,0.3617021950361656,0.4820597596336322
Q3TMW7,mice_elastic,,
Q9CQU0,mice_elastic,,
Z4YKG3,mice_elastic,,
Q9DBR1,knn,1.0808907891017507,2.7970141784580598
E9QN14,knn,3.421211796957672,3.496136140958812
Q8BI72,mice_elastic,,
Q8K1Z0,knn,0.2311236543441488,0.8073526706929574
Q547S9,knn,0.2823582856882781,0.45369173356845943
Q91YS2,mice_elastic,,
Q9WVA2,knn,1.1253696560001845,1.3852079398248074
Q0P5W2,knn,0.6767681495114456,0.8909843831890198
Q9ERE7,knn,0.3596087982678078,0.798446803282532
Q8R0F6,knn,2.2658925956237863,2.4765579165156555
Q9JLN9,mice_elastic,,
Q9D735,mice_elastic,,
Q3V3N7,knn,0.6878240751625762,1.0430393724820122
Q3UDE2,knn,0.1429844398245923,0.2558695493114029
A2RRK3,knn,1.2900871033007264,2.252294370250627
Q564F2,mice_elastic,,
A2BGI8,knn,0.4536433594633737,0.8255691306179646
Q8C9V6,knn,0.47017131437087484,0.618390757019153
Q78P93,knn,0.768070854531236,1.534691624714668
Q8BHC2,knn,1.6618063796219524,2.816545788030174
A2AER7,knn,0.6305230939377467,0.6537162633265491
A0A1B0GSX7,mice_elastic,2.1515158131803265,0.863599293242666
Q9DC29,knn,0.5596776882519112,0.720573206768149
Q545N8,knn,0.8923563634615852,2.428964640344245
Q059T9,mice_elastic,1.471780396289563,1.19296057300354
Q9ESR1,knn,0.8380083448760671,1.5641912058927951
A0A1L1SV73,mice_elastic,0.32245526460170126,0.10141964968883828
Q3TUI3,knn,1.8953738335919463,3.086681089141775
A0A0R4J0D3,mice_elastic,1.4048869637187995,0.1446542291876927
D3Z6W3,knn,0.6854291788440152,0.8293464870536844
Q91YR1,mice_elastic,,
B2RXS8,knn,0.608534325969125,2.186365075792815
Q9D898,mice_elastic,,
F8VPK5,knn,0.46283194795834476,0.4779606180473153
Q3UT19,knn,0.4166611314013031,1.6284845004470063
Q8R4R6,mice_elastic,,
E9QM90,knn,1.4490010879543103,3.0987232913474667
D3YZZ5,mice_elastic,,
Q545F4,mice_elastic,,
Q8VE99,knn,0.6695414882624052,2.0714390800409315
Q9D0A3,mice_elastic,,
E9Q8Z4,knn,2.615815519817967,3.6224148030832173
Q5SDA5,mice_elastic,0.7300645708422234,0.42964664937413416
A4PBQ8,knn,0.8655640300055737,2.6458470834138117
Q8R010,knn,1.540402655683624,1.9804433759569704
F6RT34,knn,0.6525004822994633,0.7419906983970265
O70152,mice_elastic,,
Q0VG22,knn,0.618536805414892,2.6215579958146895
Q4FJX1,knn,0.9345123306438978,2.3832826213672766
A2A4J8,knn,0.4792740499838504,1.156611951015496
B2RRE2,mice_elastic,,
A2AN37,mice_elastic,,
Q542D9,knn,1.010946772334125,1.8018016327442277
Q9Z2P7,knn,1.367661039800566,2.785499364565734
A0A1B0GS63,knn,0.09162516003302226,1.4621881535050498
Q9EPN1,knn,0.43539627196599257,0.4996992924175047
Q3UJC3,knn,0.10705675534832945,1.5008949164928909
Q3UMM1,mice_elastic,,
Q3U2Z6,knn,0.18374247993171564,1.188203398808333
F8WI90,mice_elastic,,
Q6W8Q3,knn,0.15679222115362595,0.36656322464274366
Q542C3,knn,0.03868041108483342,0.05924969922345652
Q05CI8,knn,0.46350898138124563,1.3480316144132536
Q3TM70,mice_elastic,0.8147149598885979,0.7582521831260841
A0A1D5RM83,mice_elastic,,
Q3UKJ7,knn,0.8375835456227678,1.6612388916343073
Q9WTP6,mice_elastic,,
E9PVK4,mice_elastic,1.2616992066424964,0.9170810632731257
Q3TPY5,knn,0.3023729506190791,0.43670013085186127
Q6ZPJ3,knn,0.49409116599583064,1.4617185541069615
Q9CQF7,knn,0.7197225138400465,1.0297547763614012
A2AM56,mice_elastic,0.9588598586962285,0.4676133346624332
Q8CFW1,mice_elastic,,
Q8VD33,mice_elastic,,
Q9DBC3,knn,0.6204166922633512,1.055333107941326
O54941,mice_elastic,0.8430037857523568,0.6795520963731176
Q9QYX7,knn,0.3819249150961404,1.7821708809955075
Q9CPT4,knn,0.7686008935894972,1.9317543243152748
Q3TQR3,mice_elastic,2.8626981477216566,2.7936767057067677
F7DBB3,mice_elastic,,
Q3UL32,knn,0.07582938353568228,0.6007503900580105
A2AFF6,mice_elastic,0.6869175131477678,0.538812657301768
Q7M6W1,mice_elastic,,
Q3TDN8,mice_elastic,1.3364357608012838,0.5338439819731607
D3Z645,mice_elastic,,
Q9JI91,mice_elastic,,
Q8CH09,mice_elastic,,
Q91XU3,knn,0.3441449615525409,1.3644160267383805
Q9JI46,mice_elastic,,
Q3UHB8,mice_elastic,0.9395314868491604,0.8978261711471532
Q8BML9,knn,0.8507802037823937,2.070054501885503
Q8BHB9,knn,1.0089937019066697,2.3574715431999866
Q8VDQ1,mice_elastic,,
Q3UGW4,mice_elastic,,
E9Q9E1,mice_elastic,1.2768227498904932,1.0062524565889925
Q9D5V6,mice_elastic,,
Q9JKY7,knn,0.4185389141991682,1.002815108733861
A0A0R4J1Y3,mice_elastic,2.3039612738661956,2.112402408956266
Q8CFE2,mice_elastic,,
Q8BX10,knn,1.1143349498036195,1.482757175784913
Q8R2K3,knn,0.3363729294694671,0.9622979525341577
Q9R0P4,knn,0.10353119564159369,1.1634495373144782
Q61753,mice_elastic,,
Q9CQ22,knn,0.353240587658582,0.4391240329627488
E9QPE7,knn,0.3242197721445827,1.0723974671688363
Q9D023,mice_elastic,0.19682771163646293,0.041790902880961274
Q91V47,knn,0.935776082651444,1.8229191359068397
Q8BLF1,mice_elastic,1.7988440499478386,0.9483610445646188
Q8JZX5,knn,1.8216735215528812,3.0503876552367863
Q9EQQ9,mice_elastic,,
Q3U2W2,knn,0.37887864370498747,2.082375132844278
F8WJG3,mice_elastic,,
Q91W29,knn,0.5336832471744419,1.558482518123054
Q791T5,mice_elastic,,
A2RS22,mice_elastic,1.2203886160345905,0.17131018130357692
Q8R344,mice_elastic,,
Q91UZ1,mice_elastic,0.5017621504320144,0.44668807606617583
Q3V386,mice_elastic,1.9729897466864186,1.3204364343763337
Q8BTX9,mice_elastic,,
Q91VL8,mice_elastic,,
Q9JHS9,knn,0.062014327460965635,0.8535946437555053
Q3UYP2,mice_elastic,2.812277035127169,2.432710522364686
Q8BTV2,knn,2.147314936023605,2.568516488810341
Q91W97,mice_elastic,,
Q9D7N9,knn,0.4722540882875905,0.8477012320685229
B2RSN3,knn,0.08913791887346052,0.369508994299246
Q542M2,knn,1.2079248866699863,1.2627649189136703
Q9D9V3,knn,0.3210300076256035,1.033257003337547
Q9ESN6,mice_elastic,,
Q9Z0E0,knn,0.2294095965560959,0.22972711875557952
E9PUW7,mice_elastic,,
Q9DB34,knn,0.8686786335218764,1.2519256944973856
Q80X50,mice_elastic,,
E9QB01,knn,0.22332104853230636,0.8110439577202274
P70122,knn,2.6095493231720135,2.673803071543858
A0A0R4J049,mice_elastic,,
Q3UGN9,knn,1.7510729037606874,2.6276254617511055
Q8JZU2,mice_elastic,,
Q8BHG9,mice_elastic,1.4754701577525107,0.43412434180161774
P68134,mice_elastic,,
Q8BXZ1,mice_elastic,,
Q8C213,mice_elastic,0.49057518719634946,0.05569325744640258
Q6IRT4,knn,3.0290475972773576,3.0763094402654456
Q9D927,knn,0.6242791665120645,3.75374812027062
Q9JHW2,mice_elastic,,
Q8C6E0,mice_elastic,,
Q58E35,mice_elastic,,
Q9CQW1,mice_elastic,3.1583577860475023,0.86760679349849
B2RSR7,mice_elastic,,
Q545G1,mice_elastic,,
E9QP46,knn,0.5778545392995884,0.6634656670333222
Q91W40,mice_elastic,,
Q3TFP0,mice_elastic,,
A2AEX8,mice_elastic,2.1112941215760386,1.7717375063796994
Q8K212,mice_elastic,,
Q9CQY6,knn,0.034477333645518644,0.728419016377094
Q9JMD0,mice_elastic,0.7702018217202282,0.7134043068678285
P63166,knn,0.4724399634190186,1.2342042082635614
P49817,mice_elastic,0.7806168376516724,0.7690476262750588
Q59J78,knn,0.5792162248511253,0.9677730076941454
Q9D1E6,knn,0.6456198850064554,1.1258913330802125
B1AX58,knn,0.5084954997535975,0.7948019969325006
Q6PEM5,knn,1.9916421115259095,2.3837073440423047
P16254,mice_elastic,1.9705787075415635,0.3651410165737424
Q8BG81,knn,0.3882438049131498,0.9774637846618883
Q921G7,mice_elastic,,
O09131,mice_elastic,3.2945440999155284,3.178916355367762
Q3UNY0,knn,0.29651268300802774,1.1087121025165538
Q9QXK3,knn,0.2325058182740817,2.208586087310421
Q3U0T9,mice_elastic,1.5131370018605104,1.4937984964584115
Q9JMH6,knn,2.003011128299447,3.163807683592186
P21550,mice_elastic,,
Q80WJ7,knn,1.2855406170893793,2.0811880110710614
Q8CEW9,mice_elastic,,
Q3UYN2,knn,0.01875480548635606,1.829709591990709
Q3TCH7,knn,0.6769504821934162,1.1352436926901321
Q3UJ88,mice_elastic,,
Q924C1,knn,1.0213161555801415,4.43660727947402
Q8BGR9,knn,0.6031045714797137,0.6195444784557144
P62315,mice_elastic,3.074595316084023,1.2461762624274888
Q8K0E9,mice_elastic,1.865700266696189,1.72874987987471
Q3TWV0,knn,1.1600098942909056,1.3124400713994233
A0A0G2JGQ6,knn,0.40911498484534353,1.9731840119884025
Q9JHU9,mice_elastic,,
Q3U9X2,knn,0.0779203539452559,1.366190780451778
A0A1Y7VJ48,knn,0.6748605556347782,1.1718024814594117
A6H6H4,mice_elastic,,
E9Q3B9,knn,2.47211461469546,2.9616009393327483
Q91WM1,mice_elastic,,
Q80UE4,mice_elastic,0.8274502593923173,0.7930884655405573
Q3UHW9,mice_elastic,0.9894699842621453,0.7847109173531703
A0A0U1RP13,knn,1.9896846133307826,3.0396999750161218
Q8CI32,mice_elastic,1.1861708180790187,0.6754464032812775
Q5EBQ6,knn,0.15428350547393652,0.5051124821205043
Q925I1,mice_elastic,1.744821555319103,1.4166748165248424
Q3UCY7,mice_elastic,,
P63154,mice_elastic,1.2495801666486035,0.6793916239095429
Q3UJ95,knn,0.4327989267172447,0.613717869073682
Q08288,mice_elastic,,
Q6ZWM4,knn,0.6998396653347125,1.5424536930835837
Q3TUQ5,mice_elastic,,
Q543K9,knn,1.1552909072233164,1.3915856266814708
Q91YK1,knn,0.7115896922916909,0.9331241678686302
Q544R7,mice_elastic,,
A0A0A0MQD1,mice_elastic,,
F8WIK0,mice_elastic,,
Q9R1C7,mice_elastic,,
Q3THK3,mice_elastic,1.5821432184966984,0.715090122217618
Q9JIG8,mice_elastic,2.4002824627190673,2.385424222051664
D3Z3A0,mice_elastic,1.642544660428065,1.6059048071346587
Q6R891,mice_elastic,0.12084391838065926,0.024857596766816748
O08529,knn,3.576352955526975,3.6970224927816973
Q91VZ1,mice_elastic,0.7084760838651097,0.2561507147601045
Q3TPU5,mice_elastic,,
Q3TDN2,mice_elastic,1.0954210009303538,0.6215330816596273
Q9QZB7,mice_elastic,0.49207887949654394,0.41277843628330607
Q9ER72,mice_elastic,,
Q80YV4,knn,0.7385159032452336,1.9239038859127684
G3X8Y3,mice_elastic,,
A3KMJ8,mice_elastic,,
Q8K274,mice_elastic,,
Q9CR98,mice_elastic,,
Q3TI40,knn,0.14581615209667662,1.0396920308478572
F8WHW6,knn,0.9739632994471231,2.3231050774395965
Q3UMJ4,knn,0.5204877775254725,1.283037162578189
Q62426,mice_elastic,0.9552128781610629,0.5806577793241496
Q8CGY8,knn,0.816633469255971,1.5081279650289736
Q3UKQ3,mice_elastic,,
Q8K239,mice_elastic,0.11705624706961415,0.11639557465542609
Q922Y1,knn,1.4075220110150808,1.7174990238224532
Q548L4,knn,0.5369731073486876,0.7461350905338768
Q922Q1,knn,0.6584816896331362,1.291896257714665
Q9Z0U1,mice_elastic,,
Q8BJ71,mice_elastic,,
Q8WUR0,knn,0.8718761680302789,2.0378189121767765
B2KGP3,knn,1.7156578823589266,2.459765644083051
Q9D880,mice_elastic,2.7781894971783614,2.4953850203792944
F6XXH9,knn,0.043247419206559,0.9707474536785954
A2A690,mice_elastic,,
Q4FJU3,mice_elastic,,
Q8BIL5,mice_elastic,0.4928364707082686,0.2921195812673386
Q3TSG4,knn,0.6001007185474958,1.0866382293153476
Q4KML7,mice_elastic,0.5136447338083802,0.1677800307374239
A1L367,knn,0.3257593929089314,0.513568649141064
Q9DB01,knn,0.86682115477357,1.2817384264731497
Q3TMH2,knn,0.3161086420595543,0.6285225551898538
Q9WV85,mice_elastic,,
A0A068BEQ2,mice_elastic,1.157561775607053,0.7844574592338968
E9PXX7,knn,0.710710470649874,1.5252787754750181
Q3TJN6,knn,0.2081908707854924,0.2927894124794983
P85094,knn,1.31042136535246,2.651705888546531
D3YU17,knn,0.9855442178831302,1.3025212140461997
Q4VAE3,mice_elastic,,
A0A1L1SS90,knn,0.09751627856849819,1.3144905735323178
A0AUV1,mice_elastic,,
Q5M9P1,knn,5.434191470614424,6.451330877662585
Q922B1,knn,2.7589930652930423,3.4713325692608596
Q8CBE3,knn,0.805822462391087,1.0854754513120464
Q5RKN9,knn,0.7593978573391669,1.7788337856598881
B1AQF4,knn,0.43398460529846145,1.2256044921720939
Q9ERU9,knn,0.8607798597429813,2.006502032729343
Q3UWG5,mice_elastic,,
Q8C5R8,mice_elastic,0.2648336775220529,0.21083054282946045
Q61074,knn,1.2465593991818913,1.8138636131554289
Q6PE15,knn,2.635285060332115,4.219464035357925
Q8VDC1,mice_elastic,1.1902003023646848,0.6488098983414182
Q6GTL7,mice_elastic,,
Q9CWK0,mice_elastic,1.7160654581490105,0.197867455438212
Q3TL79,knn,0.1847811533908098,0.2053608096052681
Q8CCF0,knn,0.5329497063202745,1.12931297417418
P62075,mice_elastic,0.8566736943307457,0.8152902756308523
Q9D5T0,mice_elastic,,
A0A0U1RPI1,mice_elastic,,
A2AM95,mice_elastic,,
Q4FK54,knn,2.4640900060840774,3.2620548128253977
Q9CQM9,mice_elastic,0.85546248969404,0.8292056882597079
F6Y616,knn,1.7821478402495587,1.8215516659776747
Q9D7S9,knn,1.6104684660664512,1.6804031330783822
G3XA66,mice_elastic,1.9559756987163923,1.7783980253008198
Q9EQ80,mice_elastic,2.4509224020359874,1.4814834704664475
A2ALS5,mice_elastic,1.247137567371533,0.6306816764795701
A0A0J9YV85,mice_elastic,1.2024294752199465,0.30758867916963334
Q8CIJ3,mice_elastic,,
D3YYH0,knn,1.6257414510217922,1.8679144921645179
Q8CBY8,mice_elastic,,
Q80ZP8,mice_elastic,,
Q6P069,knn,0.37984228741817705,0.945703098315277
Q3UJX2,knn,3.350937164988798,3.490395944795374
Q8BQV7,mice_elastic,,
Q3V0T8,mice_elastic,1.6994033432110442,0.5317915100853524
Q545V8,mice_elastic,,
Q5SW88,mice_elastic,1.9395111974037562,0.058731398749534466
Q9DCS3,knn,0.5907994251473891,0.7351827333076596
Q4FK22,mice_elastic,,
Q3TLW5,mice_elastic,1.1946304514881392,0.45822028052701097
D3YWN7,mice_elastic,,
Q9JMF3,mice_elastic,,
Q6ZWZ7,mice_elastic,,
Q8CAY6,knn,1.3224710499176775,1.842808014086484
P62141,mice_elastic,1.7414744801830793,0.5610179775319859
Q9DD18,mice_elastic,,
A2A614,knn,1.5351337488245618,2.756125251445954
Q3V3R1,knn,0.33891238236552435,0.5827519113771142
Q68FH8,mice_elastic,1.4880040507616998,0.01168185166206948
Q3TT94,mice_elastic,,
B1ATZ0,mice_elastic,0.9526142357966809,0.7991563421116538
P98203,knn,1.5206656759253767,3.2406457842347782
Q6GTX3,mice_elastic,,
Q9D2R6,knn,0.6061821390723012,0.6496621800599925
Q99JP7,mice_elastic,0.6459851151541934,0.42677517302746265
Q3UGC7,knn,0.026975367343180075,0.1212765860259128
Q8JZZ5,knn,0.5828052536547633,1.0198141693041487
Q0VEE0,mice_elastic,,
E0CZ72,mice_elastic,,
Q9Z315,mice_elastic,,
Q3UGV7,mice_elastic,,
O35136,mice_elastic,,
Q8BH40,mice_elastic,2.9301685470703402,2.8810109693284756
Q80TM2,knn,0.9733741729000983,1.351094855079465
Q9CY27,knn,1.8197871314507228,2.2066571446770564
Q60769,mice_elastic,,
Q99KV1,knn,1.3339069500865877,1.9017788429145739
Q9WV98,mice_elastic,1.945960498950682,1.444630148008068
Q9QY42,knn,1.0847365548929777,1.3207981205613837
Q8BGT7,mice_elastic,,
P62878,mice_elastic,,
Q3UKQ5,mice_elastic,1.3395491616804827,0.12632535548454296
Q58E65,mice_elastic,,
A0A0R4J170,mice_elastic,1.015645217455777,0.7376176561499742
Q7TSZ3,mice_elastic,0.7118923916435784,0.34150125458808367
A0A0R4J1Y0,mice_elastic,1.013367940159054,0.973473562921328
Q6ZWM8,mice_elastic,,
Q548L6,knn,0.8945400526034566,1.4058049625521085
Q0VF55,knn,0.08790885974985685,0.5178956288293082
Q5DTH1,mice_elastic,1.5097217899255126,0.2796259134567748
A0A0A6YY47,knn,1.4198232320726498,1.6487671545529994
Q9JKF6,knn,2.685571328578332,2.714969085782997
Q6P5H4,mice_elastic,1.8854669044577879,1.2653250915603624
Q5M9M0,mice_elastic,,
A2A8V8,knn,1.3156360079580418,2.1744699253133337
A2A7Z4,knn,0.8164778675727071,1.8438674522384948
Q9D1C8,mice_elastic,2.071753497814145,1.2857434682894984
Q6PGH1,knn,0.8090427407030848,1.4120572627968822
D3Z5F7,knn,1.122514070233415,1.2652480646351816
Q8CBB7,mice_elastic,,
P0DN34,knn,1.9956298684202802,2.936487075265378
A2AUD5,knn,0.48901001808127026,1.6171608069217998
Q6DFW4,mice_elastic,0.610601991627941,0.06143626176399138
Q5M9J2,mice_elastic,1.5493562541616528,0.07592012895618475
Q8CG72,knn,0.07983838249797161,0.5999751615351404
Q921M7,knn,1.2351279763916612,1.9885393260070008
Q9Z0H4,mice_elastic,3.7600431367585316,3.4222941546082657
Q9D6Z1,mice_elastic,,
Q6ZWZ4,mice_elastic,,
Q9CZU3,mice_elastic,,
Q9EP69,mice_elastic,,
F8VQC1,knn,1.6230968297618709,3.040353201030142
A2AN08,knn,0.3312835775647193,0.9506586777158619
P14115,mice_elastic,1.6993629786871989,1.6302324056675854
Q9CQX8,knn,0.573323326696051,2.1530354065109907
Q8BGW1,knn,1.5403730985788746,2.9821934172089337
F6QL70,knn,1.16964113070021,1.667582937324977
Q540I4,knn,0.4841064014968166,1.841343511794134
Q542G9,knn,0.6218488356888203,0.6782043193153149
Q99JB5,mice_elastic,1.034091491348008,0.9386258492740508
Q3TKP3,mice_elastic,,
Q6NV83,mice_elastic,,
Q61655,knn,0.5979738480802445,0.7741958531234471
Q4FJX4,mice_elastic,,
Q9CPY7,knn,0.7872035415695752,2.0313119831667157
Q8BKZ9,mice_elastic,,
Q3TEN9,knn,0.09790873210986033,1.2384228935362083
Q3UVB1,knn,1.6725789408387042,2.9209285955066027
Q61699,knn,0.7282849223374831,1.2157292278836869
B1AW58,knn,0.4396844297094865,1.0419571055612813
Q6PE01,knn,3.3817060161507904,3.8552172119256
Q545S4,knn,0.2548843780771883,0.7537457499105928
Q3UG68,knn,0.8156144047253182,1.7575836726354126
A0AUN0,knn,0.2102537544697714,2.296981256947949
A0A0R4J0P1,knn,0.772181794999114,1.8363126140256343
O70591,knn,1.2462779106876203,2.772026038300314
Q3UF95,mice_elastic,,
Q3TK95,mice_elastic,,
Q9D1Q6,knn,0.8615433844451131,2.9929160769550935
O35593,mice_elastic,,
O70194,mice_elastic,3.2214424657867347,3.1130802448307033
Q8R1S0,knn,0.6099543444014391,0.6971791267150591
Q6IRU2,mice_elastic,,
Q99J57,mice_elastic,,
Q8BL66,knn,1.0707152205862143,1.6654159733690586
P97855,knn,0.11206462386426619,1.5965668926581347
Q3UYC0,knn,1.0198268147388188,1.3458778919507928
Q05DV3,knn,0.12523099911849592,1.4860684195804377
Q9DCL9,knn,0.10161702711096338,0.4911411615733511
Q06138,mice_elastic,1.5351173835763425,1.368900591123381
P62311,knn,0.7193060539591866,0.9797823889221277
Q8C2T9,mice_elastic,0.9344177068466836,0.634369543807956
Q7TQ48,knn,0.17721517687094263,0.24986743245519816
Q8R127,mice_elastic,,
Q80UU9,mice_elastic,0.8424873783388459,0.42818010181093014
Q80W12,mice_elastic,0.20966459736333604,0.1617356584611809
O54984,mice_elastic,,
Q9JK81,knn,0.7580854675819291,2.36461898373413
Q6PAC1,mice_elastic,0.9342963232973411,0.6552138387010694
P59708,knn,1.0056202325889225,1.0209408943044462
O08915,knn,0.6604941549245932,1.1621467020687355
Q8VE88,mice_elastic,0.7416650927176864,0.19086986503028744
Q91ZJ5,knn,0.28263535612376506,0.9849853855423232
Q8BH58,mice_elastic,,
Q8C0E2,knn,0.2809302202986335,1.3365649148780254
Q9DBE8,mice_elastic,2.489254117965125,2.0689347420074498
B2RXX9,mice_elastic,,
A0A0N4SW28,knn,1.1809936584939713,1.7319642037380591
Q7M754,mice_elastic,1.3932730379310256,1.3932281512889175
Q8BGJ5,knn,2.910695045366579,3.864435151690645
Q91VR7,mice_elastic,,
Q8VDI9,mice_elastic,,
Q3TES0,knn,1.0848735758012815,1.4641649538133104
Q3U935,knn,0.8338813743613962,1.2476807076446366
Q9CQI7,mice_elastic,0.29288694701854373,0.13759032715390382
Q9CR26,mice_elastic,,
A0A0U1RPL0,mice_elastic,,
Q9D287,knn,1.623246743499168,1.8906415157420986
Q8BLF7,knn,0.10317959589976945,0.42633212261394376
Q3U8H8,knn,1.3217971137243434,2.0529198005730684
B2RTB0,mice_elastic,,
P43081,mice_elastic,,
Q3UHK5,mice_elastic,,
Q8BWM0,mice_elastic,,
Q80VP1,mice_elastic,,
W6PPR4,mice_elastic,5.856719209016263,4.436248073806488
Q78IK4,knn,0.06715470272812724,0.6895017584454834
Q6P9K9,knn,2.0930154483113474,2.2757157939304187
P83917,mice_elastic,,
Q9CRD0,mice_elastic,,
Q8K3K8,mice_elastic,1.0408997704010696,0.8755898074747634
G5E850,knn,0.6963037697859481,1.2701774946825666
B1AX98,mice_elastic,,
A0A286YDI8,knn,1.468312762627095,2.036244831238362
Q3U0J1,knn,5.063723499646273,5.824922330460069
Q3UWU7,mice_elastic,,
D3Z0M9,knn,0.2179217769203937,2.2516459891650396
Q3UKC8,knn,1.329744860544111,1.437549114088231
Q3UP61,knn,0.8010156969705748,1.1064006968317037
Q5RKP0,mice_elastic,1.3438753137230726,0.8425467943311853
Q80Y14,knn,1.3379596732208086,1.3471419706350591
Q3U9R7,knn,2.9105719707015,3.7293564631795664
G3UXZ5,knn,2.1902805595187034,3.561023008624173
Q3UL36,mice_elastic,,
B9EHJ3,mice_elastic,1.0275198426692502,0.4039830297568013
E0CZ78,mice_elastic,0.574307440699827,0.24546325060303706
E9Q3L2,mice_elastic,,
O08582,knn,2.3721205849376346,2.913236366130873
Q543B9,mice_elastic,,
Q9QXT0,mice_elastic,,
Q8BGF6,knn,0.6444444937309226,0.7400883613544046
Q8C943,mice_elastic,,
Q5XJY5,mice_elastic,1.9551028159033506,1.108562584915299
Q9JKB1,knn,0.2035388056196568,0.5761432578652795
Q91VW3,mice_elastic,0.3175301488825441,0.08832235882328153
A0A087WSB8,knn,0.47286885611346213,1.0579774530567467
Q3UYV9,mice_elastic,1.0342324178174822,0.0771066066010993
Q3UTI7,knn,2.102263111895364,3.484664634973493
Q3UQ71,mice_elastic,0.7139025379978523,0.4414201420607484
E9Q1S3,knn,0.3043708282001488,1.165764428935277
Q99KQ4,knn,0.49171537377482666,1.5639564719670975
Q6ZWV7,mice_elastic,1.254179969053376,0.6830959585273166
Q5SWU9,mice_elastic,0.7995479143797846,0.45958808341947543
Q546K1,knn,0.8513397044387336,0.9803695554774238
Q9CWF6,knn,0.33681130829382755,0.7481791460337399
A0A0R4J0M9,mice_elastic,1.9142204063752961,1.0520529581651596
Q0PD35,mice_elastic,1.5459064589160723,1.3638802778861379
A2AE27,knn,0.4742239372683755,1.1343965906613973
E9Q0R0,knn,1.1402465653694631,1.5486301486587817
Q99J99,mice_elastic,3.370350755542637,3.11365499656711
Q5J7N1,mice_elastic,,
P62309,knn,0.22677109314580687,1.3643402422697275
E9Q123,mice_elastic,,
O55042,knn,0.22607768711714113,0.44155844355562424
Q3TDK6,mice_elastic,,
A2AEW8,knn,1.5546577808630861,3.337544829182251
P56380,knn,0.13207430917409127,0.13653827118916637
Q8BU30,mice_elastic,3.83288419617407,3.509724211415206
Q3UPA1,knn,0.28933230431174367,1.6855113926637475
Q60902,mice_elastic,0.8045038249434506,0.5379342168422597
Q9JHQ5,mice_elastic,,
Q99J77,knn,0.5228253416817439,2.123286732957574
B2RUG7,knn,2.2569408482003652,2.813337859777176
Q8BIG7,knn,0.25211222249596943,1.067764020987905
A2AP31,knn,2.115165515300407,3.596539235889856
Q3UJU9,mice_elastic,,
Q8BMA6,knn,0.4582092221707411,1.4784494050267045
P97355,mice_elastic,,
Q9CZN7,mice_elastic,,
A0JNY7,mice_elastic,0.8322437137340355,0.587918664526532
Q8K3H0,mice_elastic,,
Q6GQT9,knn,1.4505066214076745,2.630355418228295
Q6PDS3,knn,0.8754985323381991,1.8292662549913488
Q3UW40,knn,0.6280947720167819,1.8004069363821131
Q9D710,mice_elastic,,
Q9R1C6,knn,1.1418573313097633,1.3202870549975776
D3Z5B1,knn,0.23285720955948253,2.4091466164150472
Q5BLJ9,mice_elastic,,
Q6NZM9,knn,0.314923706121322,1.247111479288282
Q91YR7,mice_elastic,0.456474779687431,0.026670946800567842
Q3UHE7,knn,0.42025308747817786,1.2301833778769378
Q3TND1,mice_elastic,,
Q9D1R9,mice_elastic,,
Q3U4H0,mice_elastic,1.1623440620139474,0.5877531171651958
Q8VBV7,knn,0.30728167916727367,0.587642693186977
Q545M7,knn,0.6995632816160824,1.7189599791129393
Q14BR4,mice_elastic,,
B2RPS1,mice_elastic,0.9184221476513345,0.07391325822318501
Q544A1,knn,0.4998910010617474,0.8679673560445783
D3Z442,mice_elastic,1.8667776118031665,0.2961659377890146
Q545Y3,knn,0.4988569107101648,0.5893703307644673
Q3U9K9,knn,0.006041467677062314,0.7479354913243484
Q3TW74,knn,0.1718759550966921,0.37716106308068914
Q8C878,mice_elastic,,
Q9CPX4,mice_elastic,,
P60840,knn,1.7086465011440553,2.749734269563507
Q5M8M3,knn,0.24518885549200867,1.1571275324552275
Q6PDC2,mice_elastic,1.5331304590821597,0.7330502064252691
Q8JZN7,mice_elastic,,
J3QMM7,knn,0.3133755484498936,0.390381567192407
Q9JHI5,knn,0.15703118459223425,2.3810257463786333
B2RXS4,mice_elastic,1.2409175640453702,0.7053720546775446
P55264,mice_elastic,,
P57759,mice_elastic,,
P62965,knn,0.20833195362221857,0.7519773938531545
Q9DD05,knn,0.3013563291699024,0.6731868678594789
Q543F6,knn,0.4600765595317451,0.7732446670293278
Q8VCV3,mice_elastic,1.5432867428369499,0.9343284513885651
Q8BMJ3,mice_elastic,,
Q99LS3,knn,0.15409234435019692,0.6991516667308764
Q3UNH4,knn,2.9527846996364957,4.4487053879354965
Q3UE92,mice_elastic,,
O88271,knn,0.7015563745602348,1.6973562831630358
Q497D7,mice_elastic,0.8091281734638582,0.391960062893194
E0CXB9,mice_elastic,,
Q564F6,mice_elastic,0.806994861048481,0.24670332012212207
Q9QZD9,knn,0.7604434906747466,1.3130481983536066
Q9QZM0,mice_elastic,0.8434501173438922,0.7152662028036844
Q91YJ3,mice_elastic,,
Q99L88,knn,1.479031650298352,2.083052170529438
Q8QZY1,mice_elastic,,
Q8C0Y2,knn,2.52680934551771,2.986496435082093
O88737,mice_elastic,,
Q9ERG0,knn,1.2128331494977351,1.3343034310817112
P42208,mice_elastic,,
A0A0R4J094,knn,1.5567372689266927,1.9103042005544049
Q8CFI7,mice_elastic,,
Q60I30,knn,1.10045129105348,2.7194747138658717
P28661,mice_elastic,1.6499722917500133,1.510818405747152
Q0PD53,mice_elastic,,
Q64332,knn,0.5259886181071737,1.2583585883003012
Q99N15,knn,0.5848845848924062,0.849638610035807
Q9CY46,knn,1.360595402514327,2.3310307414100313
Q3U9A8,knn,0.8284129272048015,1.8615931246437212
Q3U489,mice_elastic,,
Q60865,knn,0.651125697037562,1.0231723062800657
Q6PHS9,mice_elastic,,
Q920I9,mice_elastic,0.7717393362256475,0.5362406042365877
A1L0U6,mice_elastic,0.8053928186601325,0.18283811951681334
Q3UIG8,knn,1.1124104525273257,2.075550690677529
Q561M4,mice_elastic,0.5600042979365335,0.15626828493981787
Q9DCJ9,knn,1.08212219324344,1.9110411264515397
B2RUC7,knn,0.23112613496666876,0.30978502710151057
A2AJK6,knn,0.8515829254343071,1.3625700651360406
Q5FWJ5,mice_elastic,,
Q99L04,mice_elastic,,
Q8BGC0,knn,0.32905129835809765,1.8307283829534609
Q14BH8,mice_elastic,0.7778714785373118,0.37340288441321473
Q8K019,knn,1.0332104673320837,1.0755508633260993
Q8BK37,knn,2.5332260653319123,2.675701372277761
Q8VCA8,mice_elastic,3.601505741706373,3.4175010192237387
Q5M8Q0,mice_elastic,,
P56379,mice_elastic,,
Q9R0Q6,mice_elastic,,
Q542T7,knn,1.0908250153674537,1.9373521839173873
Q8R5C5,mice_elastic,,
A0A0G2JE32,knn,0.7225869417352648,1.5557936347428905
F8WHQ1,knn,0.32943956064542496,1.3489237929417977
A2ALR8,mice_elastic,1.0305463815419187,0.4786259496419953
Q4VAI2,knn,0.4943775118221743,2.5781080227482214
B1AT92,knn,0.21073807970645136,1.343279038326587
Q8CI43,knn,1.312905193589795,1.7975961063630654
Q60951,knn,0.46388180702135867,0.5706026745171126
Q05186,mice_elastic,1.033210988596817,0.29792441117002977
Q8VEH3,knn,0.3976346599810514,0.6895545966129196
Q61191,mice_elastic,0.7331578066791934,0.573833705165845
Q9JMA1,knn,1.485408795155159,2.216423751157782
Q9CR00,mice_elastic,,
Q8BHD8,knn,0.4869261314647231,1.177874129872634
P63280,mice_elastic,1.7715148024925416,1.4991264829039324
Q5NTY0,knn,1.4205734815800257,1.7799003555328508
Q9CPQ3,knn,3.294533186427137,3.8808553331019704
P31230,knn,1.4598380871730094,2.9671346863521766
Q03717,knn,0.16106474730758305,0.20279890784214125
F7AAP4,mice_elastic,,
Q4FJQ7,mice_elastic,0.741805930204957,0.12859548752530575
O55201,knn,2.24852810754099,2.7346926490407415
Q922R5,mice_elastic,1.1850676641789242,0.30973874262744555
B1AU25,mice_elastic,1.2019371963689054,0.6847896819418363
A2BDX3,knn,0.4482661871297481,1.3574751149922912
A0A0R4J036,knn,0.8103722919453374,1.7014516783395652
Q9JM96,mice_elastic,1.4481645001523147,1.1249854221390185
P62774,knn,0.39553929610190497,1.0030864554495669
Q3UTI4,mice_elastic,1.171233677005816,1.1416613756141523
Q543C9,knn,0.17478336926064916,1.556146295897854
Q5EBJ0,knn,1.0391340936585651,1.2552331073543646
Q5NCJ9,mice_elastic,1.7622335600517425,1.3616909572930156
Q8VD37,mice_elastic,,
A0A087WSJ9,mice_elastic,1.0300039114688622,0.12152358169252388
P61327,mice_elastic,,
E9Q3Y4,knn,0.5670743363979717,1.9885569916573291
E9QAQ5,knn,1.582638314381441,2.5339181448158326
Q91WU5,mice_elastic,,
E9Q456,mice_elastic,1.5201449325865546,0.7909893653978367
E0CYM8,mice_elastic,,
O55091,mice_elastic,0.9974663062421947,0.9130219125542539
Q7TQD5,knn,0.1294367371196,1.32478680038569
Q9CZW4,knn,0.12144249896315774,0.4262852031371339
Q91Z50,mice_elastic,1.1901659387910042,1.1318860310716314
Q9JMG1,mice_elastic,1.3945221056885135,1.1997387157098967
A0A0B4J1E2,knn,0.9310235093559152,1.4769670147959653
Q58EU7,knn,1.0363321939805006,2.0199391105823126
P37040,knn,0.017461429780003267,1.3593525431905573
Q8R317,knn,0.9740918390489653,1.048830593417927
P48771,knn,0.4145650213680141,0.5388235312819136
Q8BGT8,mice_elastic,,
Q9DCT1,knn,0.8550821251148225,1.057405954297052
Q545G0,knn,0.5831774102301501,0.7594681528757898
Q3UIG0,mice_elastic,,
Q6A0A9,mice_elastic,1.6774034369577586,1.3214668004633083
Q8BTI8,mice_elastic,1.5466768143732768,1.1045710651117637
Q8R0Y6,knn,0.19352875361785138,0.6373394303064196
Z4YL78,mice_elastic,2.244937837869399,1.7746816222852178
Q8JZQ2,knn,1.7735313714913605,2.33874272091652
P14576,mice_elastic,,
Q3UX28,mice_elastic,,
P62843,mice_elastic,,
P62627,mice_elastic,,
Q3THE2,mice_elastic,,
A2ATI9,mice_elastic,1.164998360389407,0.36623941827971523
Q9ER00,mice_elastic,1.1589850187283899,0.5108060632760536
Q9DCP2,knn,0.41566597638051545,0.6137037564160239
Q3ULG4,knn,1.431166985789087,1.452331351737635
Q02819,mice_elastic,0.5620258142696445,0.2532849155912473
P83870,mice_elastic,0.2096788618700054,0.0029628602171174706
P18608,mice_elastic,,
Q91ZW3,knn,0.005476023263725121,0.5846979386804966
Q9D0T1,knn,0.47109211846331905,2.739997619715757
A0A1D5RLD8,mice_elastic,,
Q4FZH2,knn,0.796585131184636,1.9420790943227897
Q3UCW0,mice_elastic,,
Q3UB90,knn,0.5581791449383794,1.4850782308236121
Q91VK1,mice_elastic,1.4183707610559868,1.3173116055532497
Q3USR5,knn,0.5848357126557264,0.7597028746902411
Q5PPQ7,knn,1.9007150120060026,2.5923475466880004
Q9CQ54,mice_elastic,,
Q60676,knn,0.27908428391035484,0.45946176834280295
P97823,knn,0.6992088547933797,2.9150346829744502
H9KV01,knn,0.08840696149463965,0.9834368191732505
B2RY56,knn,1.0540534378225994,1.4247344916791567
P11031,knn,0.3009828407006464,0.9115347650251987
Q62418,mice_elastic,1.6412309325793637,1.0892794934320058
Q497K3,knn,0.7831406152113838,1.5564312537582772
Q8VEH5,knn,0.5029202600468956,1.3249575234432258
P46414,knn,2.597661239789994,3.3301655106417725
F7DCH5,knn,0.05222961938198252,0.20675577296083872
E9Q9C5,knn,0.4766633809131438,0.9971813176551249
P84084,mice_elastic,0.5952662699342741,0.4766214865712294
A0A0R4J0I9,knn,0.2302615494665231,0.23233912829852485
P62748,mice_elastic,,
Q9JKK7,knn,0.39953063402648514,1.515977188392065
Q9CQB5,knn,1.0569528353222153,2.685698127492812
E9QB02,knn,0.15117053378422285,0.16609863150790644
Q0VB06,mice_elastic,,
Q6P8J7,knn,0.05770352235100383,0.8729975644562893
P49442,mice_elastic,0.32933731109473513,0.31807028327979964
Q9R1P3,knn,0.3876509476459759,2.246705475542956
Q9QXY6,mice_elastic,2.000874193267222,1.000208063337554
A1L3B8,knn,1.1626384773325922,1.8726184013619467
Q9Z0Y1,mice_elastic,,
Q3U8F5,knn,0.40198854682430324,0.6965459466221172
P31324,knn,0.6277890455762342,3.163425377898407
Q9JL35,mice_elastic,,
Q9D828,knn,0.39193760691936713,1.2229793634383785
Q6S385,knn,0.2546077430192779,0.29866652166814195
Q505L1,mice_elastic,,
Q9CZ04,knn,0.6438268327648118,1.1732103363045843
A0A0R4J0Z3,mice_elastic,,
Q9D6H6,mice_elastic,1.5905593448765734,1.0694079033503474
Q9CQG4,mice_elastic,1.103958547011285,0.6290927519420051
Q3U5N4,knn,0.6384058887344328,0.871614961629384
B7FAU9,mice_elastic,,
Q6P9K8,knn,1.0471812655737898,1.086020214193727
A2ASS6,knn,3.3224386692423757,5.96122611612132
Q8VDC3,knn,0.8034419138614894,0.9266451005633828
Q99JR1,knn,1.2731101034074674,1.5379407415035244
Q61425,mice_elastic,4.940331269222225,4.061995402838026
B2RR67,knn,3.382303694458378,3.9487910638900408
Q9CWZ3,mice_elastic,,
Q64471,knn,0.884271914095837,1.7277032400349386
Q9DCZ4,mice_elastic,,
Q8R1B4,knn,0.029798505795646833,1.5531395778267876
Q5SUF2,mice_elastic,2.013736540808014,1.4753250775082578
Q569Z5,mice_elastic,,
P06837,mice_elastic,,
Q3UBP0,knn,1.9379254800984305,2.5333654429501324
Q9WTP7,mice_elastic,2.5303737698676887,0.5234577460860211
Q9CX34,mice_elastic,,
Q542F1,knn,0.007310357813200236,0.31322305320965665
Q9D0L8,knn,1.6118550959326272,2.2429568182697124
Q8R056,mice_elastic,1.8133259763888443,1.7146090669546858
P98191,mice_elastic,0.08448289331748442,0.045667315956923554
Q9JJE1,mice_elastic,0.9307874429981452,0.11497380669609263
Q8R191,mice_elastic,,
A0A0R4J107,knn,1.8372181651841897,2.4670738680870907
Q4VA53,mice_elastic,,
Q9QZ06,knn,0.6809090088814839,1.2136623469941488
Q61833,mice_elastic,,
Q3UJ76,mice_elastic,,
A0A0A0MQ80,knn,0.09798286834050288,0.17621367436864838
Q99JZ4,mice_elastic,0.6495891307908519,0.014283894810866726
P35235,knn,0.8734797393399917,0.9853988970239224
Q9R226,knn,0.9799825531193482,0.99155097676772
P28571,knn,0.7682485584473949,1.841800536652912
Q810A7,knn,0.7523274157476654,1.0689315844638658
Q9D6U8,knn,2.157030126582178,3.1490547685664616
Q3THG9,mice_elastic,2.037975966264498,1.1931654154198426
Q3UGN1,mice_elastic,,
Q99LP6,knn,1.405886573661131,3.5013138674806092
Q5M9M4,mice_elastic,,
Q4V9T8,mice_elastic,0.4062223617513191,0.26389496280963504
Q5M9K7,knn,1.0460346885104987,1.401014599561104
Q3V2G1,mice_elastic,,
Q561N4,knn,0.26733591097237924,1.2053165700428083
D3Z0G8,knn,2.3012033897324375,2.5950622135504555
Q8BU20,knn,0.5610018874383714,1.7193727737800741
Q921H8,mice_elastic,0.12731066113191175,0.05968908465451585
Q921F4,knn,0.5182437047592203,0.7185729242917097
Q9D1D4,knn,0.8268544829475611,0.949904438658969
Q6NXZ0,knn,0.7523603552505101,1.4590356113387195
O55029,knn,1.2306074218090102,4.404184126478832
Q78ZM0,knn,0.49280115180169576,1.1071797808211274
Q5SVF7,mice_elastic,0.5250444254652997,0.31181277045992906
Q9Z1S5,knn,0.12746455616999872,0.39691968600282507
Q9CR61,knn,0.38972749288120206,1.6686643723555419
Q3TVS6,knn,0.03096459590853392,0.2652278573237312
Q9DCC4,knn,0.7308879619575128,0.8583990297995455
Q497I3,mice_elastic,2.336906375794562,1.5282673246096297
P52760,mice_elastic,,
P51491,mice_elastic,,
E0CZE0,mice_elastic,,
Q5M9N5,knn,0.7581988188498973,0.9594798400183407
Q8C845,knn,0.1728578451476179,0.9004716087269055
P56376,mice_elastic,,
Q6P5E4,knn,2.682242271451699,3.9119633751908833
Q3UGR5,mice_elastic,,
Q3UPL0,mice_elastic,,
Z4YKV1,knn,1.0967619922197436,2.1935285544773278
Q9QZQ8,mice_elastic,,
E9Q264,mice_elastic,,
Q9CY64,mice_elastic,,
Q9R190,mice_elastic,1.2687063390493223,0.29353972152873004
Q4VA32,mice_elastic,,
Q8VDM6,mice_elastic,,
A0A0R4J083,mice_elastic,,
Q99PC9,mice_elastic,,
Q3TJ39,knn,0.46533443502624094,1.2817553451143704
P70333,mice_elastic,,
Q9D3C4,mice_elastic,,
Q3UCH0,mice_elastic,,
N0E4C0,knn,1.2930107892261284,1.8865185469494885
Q4VBC9,mice_elastic,,
K4DI58,mice_elastic,2.2871970179261045,2.2668441632553837
Q58E70,mice_elastic,0.4280558998679083,0.22107719593899786
Q5BKS2,mice_elastic,,
Q9DCN2,mice_elastic,1.0387395695573176,0.9599930207948115
B2RRH9,mice_elastic,,
Q3UUH0,knn,0.6540495953792917,1.596572966306086
Q52L97,mice_elastic,,
Q91ZQ1,knn,1.6663680953607107,3.2268805537869514
D3Z4T6,mice_elastic,,
Q497N1,knn,1.8235907935494258,2.152459015014295
P27048,mice_elastic,0.8939529421449248,0.27366926177949824
Q99JI4,knn,0.13020808125385067,1.8497597922139886
Q6P1A9,knn,0.1556688199959011,0.7194136609345473
Q8C3C9,mice_elastic,0.153331211764988,0.034650547190561404
Q9D1K2,mice_elastic,1.3657930117451207,1.1720307091393738
Q61151,knn,0.29506413304524703,1.1868291888014533
Q5SW18,knn,1.6830156439575765,3.534167403828822
Q8K010,mice_elastic,1.1206908132491005,0.7369863892233338
P28738,knn,0.5006125939248843,0.8671763743404768
D3Z041,knn,0.731995206668734,0.9605802917568378
O35465,mice_elastic,,
Q3UI46,mice_elastic,,
Q80TZ3,knn,1.1011834372818943,2.133618025499059
Q3URU9,mice_elastic,1.8490445894209302,1.742594450972733
G3UYZ1,knn,0.7122682565668293,1.198038342217266
Q8R3X4,mice_elastic,1.3165054550939845,0.23104574516049967
P62918,mice_elastic,,
Q8CG76,mice_elastic,0.6518395877310085,0.40360853540197195
Q6NZD2,mice_elastic,,
Q5XJF6,mice_elastic,,
P26041,mice_elastic,,
Q9WTL7,mice_elastic,1.6046296012085344,0.32172015886361716
D3YYT0,mice_elastic,0.3040186865021934,0.09584714381424245
P54822,knn,0.8999159402078437,1.9326189034786405
A2AWI7,knn,0.3328003297486321,0.6307076851827306
Q3UHL1,mice_elastic,1.5354746972593611,0.6284326480585554
Q9DAW9,knn,0.4949599155017405,0.5762086871348377
Q545K5,mice_elastic,0.4026688401335441,0.3413629220895704
Q7TPR4,mice_elastic,,
Q3UAT9,mice_elastic,1.7054088914148429,0.5697566153427575
I7HLV2,knn,0.17533956405836457,0.3291372811440661
O35864,knn,1.271083073725129,1.3757502344813768
Q9D094,mice_elastic,,
Q3U313,mice_elastic,,
D3Z0F5,knn,0.21256702732421076,0.6378011384900687
Q3UN55,knn,0.664408207320099,1.8678454732776555
Q4V9X9,knn,1.1655194004418252,2.5932966279976526
Q9DB73,knn,0.3481278653603982,1.0426082771004388
Q9CWJ9,mice_elastic,0.5013013253019991,0.3070157028336045
Q99J36,knn,0.7102270982832218,0.7528664222702184
V9GZG5,knn,0.4797132219329723,0.8668728945126087
Q3UZI3,knn,0.9461289275976863,0.9555240839154509
Q4FE56,mice_elastic,,
G5E8T9,mice_elastic,1.6167043101873577,0.2922619934273655
G3UW82,mice_elastic,,
Q8VD12,mice_elastic,1.446980479316469,1.2963959274233476
Q5SQX6,mice_elastic,,
G5E8R3,mice_elastic,,
Q9DC07,knn,1.5177149922364317,1.703182046725515
Q5BLK0,mice_elastic,,
Q9JM76,mice_elastic,,
Q3TRK3,knn,1.1216119023295195,2.2231341041174857
P57784,knn,0.17065860264581398,0.4810021296651482
P62830,knn,0.39009094969581415,0.7662245702064074
E9Q317,mice_elastic,0.3129516753258836,0.22810319716644045
P43274,mice_elastic,0.8618157056486896,0.5866936085297498
G3UYV7,mice_elastic,,
F6RPJ9,mice_elastic,,
E9PV44,mice_elastic,,
Q9D0R2,knn,0.510646174840213,1.9265475392931934
F6RJV6,mice_elastic,,
Q9EPU0,knn,1.7820875826212483,2.5056144649781977
P32020,mice_elastic,,
Q9CQX2,knn,0.0011128177443148382,1.6920404273126632
S4R1M2,knn,1.4515712279057824,1.864706035443903
Q9JIF7,knn,0.3465729674713775,3.0480426714903874
Q3U541,mice_elastic,1.8451673206088024,1.3471068527803127
Q3TH57,mice_elastic,,
B9EHZ5,knn,0.1202501085108813,0.6719527591010676
Q3UCF2,mice_elastic,1.7362658583330521,0.5609361305631206
A2AFQ0,mice_elastic,,
Q5ND51,mice_elastic,,
Q3V1M8,mice_elastic,,
Q58EU6,mice_elastic,,
Q8VBT0,mice_elastic,,
Q8CH18,knn,0.41115150307449994,0.9171316540457309
Q5UE59,mice_elastic,,
Q9CQF3,mice_elastic,,
Q7TNE3,knn,0.6454592317186709,1.30526624764238
A0A0R4J1F4,mice_elastic,,
Q9CQJ8,mice_elastic,1.795990415843934,0.3454793843364502
H3BJ30,mice_elastic,0.979243405579306,0.774767539168512
A0A087WQE6,knn,1.1437435586140936,3.1038185152478985
P47199,mice_elastic,1.8310861702160133,1.4235955679636958
P08551,knn,0.7502109788897504,1.378947262122449
Q80XH2,mice_elastic,,
Q8K2C9,knn,0.488360787841245,0.762805212706695
Q542R8,knn,0.03655540149120052,0.9172507840538455
G3X920,knn,0.7749027161296919,1.6982688328902498
Q3TXS7,knn,2.7804464011660897,3.879559395024857
Q99JY0,knn,0.38710090987378687,0.6589052439341493
Q3UG43,knn,0.38415868528749175,1.3354323237606285
A2A547,knn,0.5031346273547581,0.58470594414969
P63216,knn,1.3315801784259333,2.305281084939671
Q53WR6,mice_elastic,,
Q5BLK2,mice_elastic,,
Q60973,knn,0.9449740344981925,1.4680249325262518
Q9QZE5,knn,0.40165613084372565,1.488142596472448
Q9D6J5,knn,0.305385057167183,0.9554026322016259
Q9D8B3,knn,0.4133937989722628,1.0648760731536737
Q78IK2,mice_elastic,1.3591406675956272,1.1002933223588478
Q58E49,mice_elastic,,
Q3UEB3,knn,0.9475844391718021,1.989813281036943
D3YTQ3,mice_elastic,,
Q91VN4,knn,0.1297052308175846,2.111991173223417
Q4VAG4,mice_elastic,,
Q543N6,knn,0.29264454986292116,1.5525873646543598
Q8C1L7,mice_elastic,,
Q5SRX1,mice_elastic,3.976716129939823,1.9624574671996766
B2RSC8,mice_elastic,0.39117653322913853,0.18223954966041184
A0A0R4J0V5,knn,1.3164340748613526,2.19545162346751
P54823,mice_elastic,1.3145739012226558,0.8486310477089992
Q99LY9,mice_elastic,0.6711663712797639,0.6654462864483929
Q9CPP6,mice_elastic,1.0985452443648411,0.16541295895190242
Q9JLI8,mice_elastic,,
Q3TJC2,knn,1.1141832779226886,1.3070614817197466
Q9DC70,knn,0.30644264258373216,0.8056828811080508
Q9CVB6,knn,0.26830450330698224,0.8593907740401637
Q8R5L1,knn,0.6850851876140418,1.5138966873811655
Q3TCR7,knn,1.2288300293634706,1.245911255734958
Q6ZWR6,knn,0.39009454446575975,1.1282642180714684
A0A2I3BQC3,knn,1.627394485739055,2.590886100331691
Q9CQS8,knn,0.22474764991568005,0.35882812450217083
D3Z396,mice_elastic,0.8235534413132519,0.7280473608252803
Q9D8S5,knn,5.031046715255337,5.207677471009993
Q8CGK3,knn,0.5112250413809272,1.3247171343396769
Q3U944,mice_elastic,,
Q642K1,mice_elastic,0.1354918960865892,0.011240418882155224
Q9CRB6,knn,0.3861171889286696,0.7333963687579171
P62835,mice_elastic,,
Q642K0,mice_elastic,,
Q8BFY9,mice_elastic,1.2343537149090524,0.9410669733419252
Q99JB2,mice_elastic,0.7653335104290548,0.7032489843785927
Q9EQ20,mice_elastic,,
E9QAS4,knn,1.2799967067868903,2.0332610754923146
Q9CQ60,mice_elastic,,
Q0PD66,mice_elastic,1.0540158690131654,1.0338161504877137
K3W4R2,mice_elastic,,
Q8K1J6,mice_elastic,,
A0A0G2JDW7,mice_elastic,,
Q8QZS1,knn,0.6142330257830653,2.026312993892772
Q4VAE8,knn,0.6508379519498153,1.8388987785733506
Q8CJG0,knn,0.05636369927619433,0.718277120808965
A2RS68,knn,0.9524132103996987,1.9501049084091047
P47963,mice_elastic,0.8640147197218128,0.19445952316858242
Q3TG37,knn,0.7646255634099807,0.900711285259852
A0A0R4J1E2,mice_elastic,,
Q9D0I9,mice_elastic,,
P99028,mice_elastic,2.1622763522259114,1.0873568406662617
A0A0J9YTY0,mice_elastic,2.682482017326431,1.4962184904676896
P14685,knn,0.7726832035357468,1.094216446790488
Q5SVJ0,mice_elastic,0.9926664471794728,0.060591150205878276
Q5BLK1,knn,0.5297849218582482,0.6950387047639576
O54774,mice_elastic,1.1737536959733554,0.8677770778892698
Q6ZWZ6,mice_elastic,,
Q3TMT4,mice_elastic,0.49913665788203887,0.14698740312011313
Q80SW1,knn,0.6171425359798076,0.8686517271402058
Q3TE85,knn,0.43604057622484826,1.2687952034788297
Q9Z2D6,knn,0.7776514152459252,1.4213827805204617
Q4W4C9,knn,1.4519839400662067,5.633888309615638
Q3UA17,mice_elastic,0.33321337791569033,0.1303669213598447
P09528,knn,0.7597854396228341,1.058908499475998
Q3UW32,mice_elastic,1.1685672234086146,0.9504663806669773
Q5M9P5,mice_elastic,0.7033327865740199,0.1582435818552502
Q80XN0,mice_elastic,1.1659205684152523,1.058166288777452
Q3UCC5,knn,0.24337225306433094,1.9438164397003483
Q3UUU4,mice_elastic,1.6341112075903117,1.3443864708434923
Q3ULL5,mice_elastic,2.4972670740918694,1.7188816513259222
Q9CQD1,mice_elastic,,
Q52KC1,mice_elastic,0.7456728007696991,0.2834205212940421
Q922A2,mice_elastic,,
F8VQC7,mice_elastic,2.7613800197833123,2.2162931328259594
P63168,mice_elastic,0.6616540288734178,0.48900654428201795
P49722,mice_elastic,1.0374261561784412,0.7142874099734359
G3UZI2,knn,0.493714182628782,1.9205507954274308
D3YZC9,mice_elastic,0.33631383091745654,0.2640654856121193
Q5SW83,mice_elastic,,
E9PYL9,mice_elastic,2.1839594292332944,2.171727283241642
Q61081,mice_elastic,1.0127245460064924,0.21565741491760562
Q8BGH2,mice_elastic,1.2444027435183949,1.20939742408303
Q61474,mice_elastic,,
Q60598,mice_elastic,,
A2AEG6,mice_elastic,,
Q3TN35,knn,1.0658003639910882,1.5843316212748801
F6ZHD8,mice_elastic,0.8649414272315834,0.20592026926378312
G3X9K3,mice_elastic,,
Q5FWK3,knn,0.3685476119654108,0.47353641734223473
Q8BTJ1,knn,0.2791673697358625,1.8650087899601413
A0A140LHA2,knn,0.18638995799144217,0.5603782133140489
Q923F9,knn,0.6307593468425422,2.2156292526210697
E9PYH2,mice_elastic,1.1976891966555003,0.7483506055478921
O88952,knn,0.7811811615669076,1.2215751786911353
Q924K1,mice_elastic,0.6256465900622851,0.4072446524654709
Q3T9Z2,mice_elastic,,
P26883,knn,0.597837819628779,0.8648829192426915
Q9JKD3,knn,0.32999448409759186,0.8146356524766979
Q9JIX8,mice_elastic,,
Q8JZN5,mice_elastic,0.7685667865305487,0.6769668351085161
Q5M9L7,mice_elastic,1.0571476906776434,0.8695252417721351
Q543Q4,mice_elastic,,
F8VPX1,mice_elastic,1.4349377983831475,1.1168814396879165
P63028,knn,0.7423168943517932,0.9561970785216316
Q63844,mice_elastic,0.3807134193938946,0.355024280833156
B7ZMS6,knn,0.4750617473647477,1.6519867747515615
P13541,mice_elastic,,
Q544I1,knn,2.455320287513444,3.2049004593242447
B9EKE9,knn,0.8523498353312443,1.0905795327845584
G3UXL2,mice_elastic,,
Q3TDD8,knn,0.14477251730243826,0.4444174788290608
Q2M4H5,knn,0.48213579258324435,0.8229429633929879
Q3U9U5,mice_elastic,,
P24472,mice_elastic,,
Q3TJ52,knn,1.0904645609754524,2.4456172153796154
Q80Y09,mice_elastic,1.5020573866248081,1.1531204729093323
Q3UGY4,mice_elastic,,
Q5SX39,knn,0.33921266104369924,0.624662986197138
Q6VEU5,mice_elastic,0.7675047681250349,0.3129612023221137
P45952,knn,1.2489698639675635,1.7201840796773746
Q3U125,mice_elastic,1.447838251169282,1.386104426686387
Q9DBC7,knn,1.2246908483622236,1.7180085470429638
Q3UQL2,knn,0.5083847651257232,1.4065106071065998
Q4FJL0,mice_elastic,1.6109707496745738,1.1426650162411645
Q9DCD8,knn,3.322229883259224,3.336100621071253
Q3UZT7,mice_elastic,0.5779012941753637,0.08605027293557675
A0A1B0GRU0,mice_elastic,,
Q80XR5,mice_elastic,,
P23116,knn,1.18454133968332,1.577772190579881
Q790I0,knn,0.9664387156025702,1.012432482368415
Q8C292,mice_elastic,0.5695268385841741,0.4112255922749199
Q545B6,mice_elastic,0.8347937752033251,0.7021861119249383
Q9CY93,mice_elastic,0.919740437928024,0.7823309447666078
Q564E8,mice_elastic,1.1457583050159117,1.1345845182869383
P49443,knn,1.6361088947281028,3.438776400606412
Q8BTF0,mice_elastic,1.2133404688552332,0.9720994331494768
Q9DBF1,mice_elastic,,
Q9WUD8,mice_elastic,0.9400103555970202,0.7526397994495996
Q8BVQ5,mice_elastic,,
Q9DCY1,knn,0.8604364634024492,2.2928184605076316
Q99KE1,knn,1.2198185557214236,1.7779520686911496
Q6ZWX6,knn,1.9645726785415323,3.795796675714484
E9Q6X0,mice_elastic,,
P62305,knn,1.1114874789555957,1.6668264422851706
Q3UXP2,knn,0.34865770259054496,0.9465821207000709
P84086,knn,1.0405681142671386,2.041508163549345
P63213,mice_elastic,0.010313095859556825,0.0001626415144538163
B2RXT3,knn,0.6848172416421583,0.7850218665072758
A8IK50,mice_elastic,,
Q8BMS1,knn,1.9920206251108716,2.9640242879119314
Q9JM62,mice_elastic,,
Q14AQ1,knn,1.9816482798486963,2.6024269772088657
P63085,knn,0.5399983935216618,0.8015715813341169
Q9CZD3,knn,1.0964864349783026,1.8996166378041903
Q6ZWX2,knn,0.8360183298012899,1.518913909990342
Q05C56,knn,1.7202946686813751,2.5041795394703725
Q9D7B3,mice_elastic,,
Q68FG2,knn,4.268380324593085,4.411870983938219
Q545L9,knn,0.020740792904481276,0.16398225091524318
A0A1W2P7Y9,knn,0.4845245660369559,2.711655946930584
Q3TD71,knn,0.5448128385471173,1.0772526446187318
P54071,mice_elastic,0.3406902649708367,0.24997583768738987
Q9CZ30,mice_elastic,,
Q5M9N8,knn,2.7764258247413514,4.102557581056281
A0A0R4J0B4,mice_elastic,1.4080254376427652,1.2843578561067435
Q3TUF3,knn,0.8609433703193624,0.9013208383790254
A0A0R4IZY0,mice_elastic,,
P63321,knn,0.02731364694440415,0.4557899932101954
Q8C2Q3,knn,0.10452773359362555,0.7885778249771987
Q9CQ75,knn,0.06880976320264633,1.2641380845910308
O88796,knn,0.03302056163832953,0.9263997071715255
Q64727,knn,1.4877239729619782,2.2516202059957346
Q9D0M5,mice_elastic,,
Q3TFF0,knn,1.269703038999598,1.91898318157455
P61202,mice_elastic,,
A4FUS1,mice_elastic,2.7067777487305005,0.5659712411552781
Q569Z6,mice_elastic,1.947341198419189,1.8909227597422023
P52503,mice_elastic,,
Q91VM9,mice_elastic,,
Q5SUR3,mice_elastic,,
Q5RKP4,knn,0.6133042668796428,0.984278458612951
Q8C0M9,knn,1.1450979008268183,1.8482882705888288
Q9CT10,mice_elastic,1.7081961787374007,1.116839895170107
P17563,mice_elastic,,
A0A0R4J195,mice_elastic,1.5386972122789848,0.9958488525585716
Q3UID0,knn,0.5446085399549269,1.4992003768781128
Q9CQZ5,mice_elastic,0.8021585294808773,0.19760852789145564
Q542I9,mice_elastic,,
Q62189,knn,0.04765038489731991,0.24303871735171548
Q14C24,knn,0.5958099687319706,0.8591133576410711
Q0PD38,knn,3.2554141626408564,3.8381239548196273
Q9CQ69,mice_elastic,1.1438018764625861,1.0623848700122556
Q8R326,knn,0.025250140779311692,0.7606551016831149
Q3UHH5,mice_elastic,,
Q9Z1Z0,knn,1.8398838465458205,2.722265929406564
O08807,knn,2.581677391076992,3.089716793138256
Q8CHP8,mice_elastic,,
P99026,knn,0.24606817473174392,2.3370195198988113
Q8CAA7,mice_elastic,1.6000692129985707,1.5405034546179848
Q9Z0P4,knn,0.8123712611410923,1.1989123071066368
Q6ZWQ5,knn,0.17625784497562896,0.5822835394293843
Q7TMR8,knn,1.0931035380852625,2.9835604861501412
O88685,mice_elastic,,
Q8BIJ6,knn,0.8142761544261004,1.5702672308454646
Q3UDG2,mice_elastic,,
P97450,knn,0.375517129220076,1.7569399912264319
Q9EPL8,mice_elastic,,
Q5M8N0,mice_elastic,,
Q8VDD5,knn,0.44073372321910864,1.0468205014030776
Q8CGC7,knn,1.1534131693525826,6.036027645057986
O70251,mice_elastic,1.456014225605557,0.4781658836140889
Q4FZE6,mice_elastic,,
Q3UJN2,mice_elastic,0.5082626217930875,0.03887474565563373
Q3UIJ2,knn,0.13982737414915422,1.3048935941095596
P99027,knn,0.7949453902992969,1.4064019953647702
D3YXH0,knn,0.8584771402921346,1.3406429074844135
Q545R3,mice_elastic,1.4622248151783184,0.9826829069975124
A2ALF2,knn,1.4581029845664744,2.145746431359891
Q91XM9,mice_elastic,0.8263802293784354,0.8026387531800939
Q9JJV2,mice_elastic,,
Q545T7,knn,1.0353617857842246,1.327711113773395
Q9JKR6,knn,0.14470075895493625,0.6442877813570461
Q3TF41,mice_elastic,,
Q9ESZ8,knn,0.2527873117021059,1.1092832064520162
Q91XL9,mice_elastic,,
Q61206,mice_elastic,2.67213434713264,1.5035645789170446
Q3U9G9,mice_elastic,1.3363758506691787,0.7402982296977927
E9PUD2,mice_elastic,0.9360163252673873,0.28873921566104555
Q3U6D7,knn,0.8917556888128101,1.2245927749402197
E9PZ43,knn,0.19234600177288422,0.3086538150368105
Q3U8R9,mice_elastic,,
Q60749,mice_elastic,,
P05132,knn,0.5353976214658845,1.1149139664693362
Q8BG51,mice_elastic,,
Q8VED9,knn,1.0248246058094481,1.1535598042637512
Z4YKB8,mice_elastic,,
Q544R9,mice_elastic,,
Q569X4,mice_elastic,,
Q564E5,knn,0.12265572542783366,0.1901759076069434
P42125,mice_elastic,,
Q6P5F9,mice_elastic,,
Q3TNH0,knn,0.4609581725716798,0.5158429413763106
P62869,knn,0.972738170321937,1.3053928654676945
E9QN99,knn,1.0876560900699046,1.2390888100311008
Q60972,knn,2.9232936547585435,3.3347973846361985
Q5BLJ7,knn,0.6342038666871479,1.3822668090893306
Q3UGB5,knn,0.05570751885055462,0.41220610309950956
B2RT97,mice_elastic,,
Q9JLV5,knn,0.7186971471749303,1.458633652835674
Q99L43,knn,0.8822203328504427,1.3460119288107826
Q9D0K2,knn,0.043099694658533604,0.18307337126952666
Q9DAK9,knn,0.47119638927672447,0.6992567534668938
Q9CXW3,mice_elastic,1.4452130641355898,1.1995297293535196
Q8C5H8,knn,1.6043392753889418,3.0657137149452134
Q0VG47,mice_elastic,1.7801823948286495,0.6490816087205068
O35685,knn,2.039328970248861,2.699962359226718
Q3U4K3,knn,0.24994353309816456,1.3276537377378794
Q544Q7,mice_elastic,1.0771842167833658,0.36681333894489204
B2RVP5,mice_elastic,,
Q9CQ92,mice_elastic,,
Q5D098,knn,1.95409573547677,2.4551823409281965
Q9D6U7,knn,0.2645079208922522,0.481603281920365
Q60692,mice_elastic,1.2190666062426738,1.0506344041910647
Q8K0Z5,knn,0.439648847234945,2.0656120102508915
A2AHJ7,knn,0.34271412642436705,1.898118577500943
E9PUM4,mice_elastic,1.873646555569734,1.342182157017049
Q2M2Q8,knn,3.2082890181262207,3.6887141273213366
Q768S5,mice_elastic,1.1530142307470441,0.7425325942523318
P20108,mice_elastic,,
Q3TJN1,knn,1.2204260990610087,2.0309265616942307
Q9DBP5,mice_elastic,,
Q8BWT1,knn,0.47497733625831073,1.7415985202040483
Q3TXV1,mice_elastic,1.7399616210104116,1.3610768908171778
O70569,knn,0.142309058388793,0.5750549396475978
Q8BH80,mice_elastic,1.5435699832017475,1.1007275876231712
O08583,mice_elastic,,
Q8K4Z5,knn,1.3111095203985392,2.449121909263726
Q8BRQ9,mice_elastic,,
O35954,knn,0.7846436845561219,2.7303273624885067
Q8CIN4,knn,0.6158912189051501,0.840573938529888
A2RSB1,knn,0.7196007937829891,1.7677837635858151
Q9JKB3,mice_elastic,,
Q3UC02,mice_elastic,,
Q6P5I3,knn,1.4716461159077887,2.565573537785935
Q9CR16,knn,1.4655442131729002,2.03289863563773
Q54A87,knn,0.8246678771111405,0.9300495071857994
P62196,mice_elastic,2.031043404551612,1.5801202623252368
F8WGT1,mice_elastic,0.8023858086089629,0.2498702131685003
Q62108,knn,0.24499871490462805,2.207116005955632
P61082,knn,0.2582410504620551,1.2213034111865724
Q542V3,mice_elastic,,
D3Z3N4,mice_elastic,,
Q3UHH0,mice_elastic,,
Q7M739,knn,0.5478754768867202,1.4580553611194258
Q6RI64,knn,0.35981239719644453,0.7088362301093625
Q544B1,knn,0.5974828980366533,1.4766532177992846
A0JNY3,mice_elastic,,
A0A1L1SQA8,mice_elastic,,
Q5M8R8,mice_elastic,,
F7ACR9,mice_elastic,,
E9Q7K1,knn,0.5363357867493221,1.15234650791906
Q9JME5,mice_elastic,0.814249595674089,0.45882132171033213
Q3TG75,mice_elastic,,
Q8K0U4,knn,1.1835133365901875,1.6913302492060334
A0A0R4J0Z1,knn,0.9027705522421181,1.0633223719502825
P12960,mice_elastic,,
Q0VGQ1,mice_elastic,1.566465007824388,0.9965349071619868
Q3TPJ8,mice_elastic,,
Q9WUM5,knn,0.2873169580829435,0.6706759044095645
Q8R016,knn,0.5565522262357596,1.6651287846392742
A0A0R4J023,mice_elastic,,
Q3TFP8,mice_elastic,0.7134680194966483,0.1988523876914431
Q9CQI3,mice_elastic,2.394572481930345,2.0389179924395116
Q5BKQ9,mice_elastic,,
Q3UJ34,mice_elastic,,
E9QAS6,mice_elastic,0.18764503303161031,0.13589000942380833
Q99KP6,mice_elastic,,
Q9R1P0,knn,0.9500667724714893,1.1986724179729953
Q5M8R9,knn,1.2526136960523244,2.0792268765733404
Q91WD8,knn,0.6108781000279646,1.929492365752628
Q9CZH7,knn,0.8590984354249961,2.0990508695854246
O55234,knn,1.5181177001817763,2.455089383027155
A0A0G2JFT8,knn,1.7493866521900834,1.7700198550659003
Q8K4Z3,mice_elastic,,
Q6PB66,knn,1.0120808658103226,1.4826834980586971
Q3MIA8,mice_elastic,,
Q8BP47,knn,0.362075925488243,0.453680104340199
Q4VA93,knn,0.1421158692311729,1.2818343140543922
B2RS41,knn,0.7422929335203926,1.227671661702439
P10639,mice_elastic,,
Q3UVJ2,mice_elastic,0.765147576419615,0.46418400128929604
Q0PD50,mice_elastic,,
A0A087WPA0,mice_elastic,,
Q5NC81,mice_elastic,0.9645958333810705,0.2459466744589739
F8WIT2,mice_elastic,,
Q58E59,mice_elastic,,
Q497E9,knn,0.11754013676966135,1.1620153291984958
Q9D6J6,mice_elastic,0.12921970922961892,0.03197232044174947
P12658,knn,0.6194085162526864,0.8850221474950185
Q3TG12,mice_elastic,2.5785170902650716,2.063138608865713
Q4VA29,mice_elastic,1.3247611772792613,0.9819264466926042
Q810U3,mice_elastic,2.2884766459790247,2.0488846649067725
Q543F1,mice_elastic,4.507446917539707,3.7894899775459514
Q61177,mice_elastic,,
A2ARP8,knn,0.4827394539206048,2.390891619092789
Q9DCJ5,mice_elastic,1.6058874390334066,1.3602351612431816
Q922Q8,knn,0.9266789730605266,1.5614468547106153
Q3TE95,mice_elastic,1.6934590881965057,1.6851676930959019
B2RSV4,mice_elastic,,
Q7TMG8,knn,1.43416564683553,1.4967119627729075
Q99MR6,mice_elastic,,
Q8BWQ6,knn,1.1732246533948874,1.436310411792044
Q6ZWN5,knn,0.13463905270659504,0.9976095659025033
P46471,knn,1.3744170092136208,1.619172148004827
P46660,knn,0.8603756190968352,2.50083636455187
Q8BH95,knn,0.9648809615036099,2.9599122438193235
Q9DCC5,knn,0.2973811196651046,1.392845145784553
Q3UPK6,mice_elastic,,
Q4KMM3,knn,0.27169558397970506,2.5571779253638596
Q9QZE7,knn,0.11787565129005789,1.291774313453572
Q3TI34,knn,0.18842368134393586,0.9788834954267931
Q8BYI9,mice_elastic,,
Q3UKJ6,knn,0.4122741894263599,1.3240472635863498
Q3UBU9,knn,0.40723501315744176,1.006809448798836
Q9D172,mice_elastic,1.9131709972570534,0.5812345423030452
P70670,mice_elastic,,
Q5GQ64,knn,0.4228914745699663,0.4283610215442043
Q3UYK6,mice_elastic,,
Q91YZ2,knn,1.2982287936626509,2.285771526490554
P47857,knn,0.273931695885567,2.0574986371125425
Q8BKC5,mice_elastic,,
P60487,knn,0.344366309438315,0.3454879989577579
E9Q035,knn,1.7375406145154808,1.7878294910914148
B7ZC46,mice_elastic,,
Q3UZ17,mice_elastic,1.4951146601208594,1.4577927304176062
Q545R0,knn,0.5003129268153563,1.108826245477757
Q3U3F6,knn,1.2017632771353723,2.890787579721741
P58281,knn,0.23022780896213343,1.8045535657799197
Q91VC3,knn,0.9488642423351219,2.347646364443568
Q3U4W8,mice_elastic,,
Q8VDP4,mice_elastic,1.8702259799210852,1.0722034244761967
P60766,knn,1.0272594985133507,2.809165926669159
Q9JMG7,knn,0.3412763490586023,1.155590293651668
Q9DAR7,knn,0.9309448364923231,0.936688979146793
A0A0A0MQM0,knn,0.35093397043852903,1.5396222816228955
P04344,mice_elastic,,
O88712,mice_elastic,,
Q14AI7,mice_elastic,1.5746126593168093,1.4466808616900801
Q4FZH7,knn,0.25533478557318073,0.8511596922276032
Q91VM2,knn,0.701842035071702,2.131634381313201
Q8BJY1,mice_elastic,0.9102446799893537,0.581713894000421
Q80UE5,mice_elastic,1.0176640939550046,0.964086192442039
P97300,knn,0.798228847413585,1.2836943864013988
Q3URG1,mice_elastic,0.8638455556281578,0.27467198548861443
P34022,knn,0.26648774200045516,1.3436757464682618
Q9Z1F9,mice_elastic,,
Q3UM23,knn,2.007937083924772,2.523324019206373
Q3UHJ0,knn,0.6052644917272636,0.9764050346057833
Q91V55,knn,0.30240545806262376,0.7308649353585402
Q3TF87,mice_elastic,1.7105469561657525,1.5104577578165261
Q3TUE1,knn,0.4693792802493794,0.6524350099736725
Q3TXL5,mice_elastic,,
Q3TDA7,knn,0.9961050636429509,1.8497471869298048
Q8BPN8,knn,0.40890479876561797,0.8935727050773469
Q3THA6,mice_elastic,,
E9Q175,mice_elastic,,
Q0PD65,mice_elastic,,
Q7JCZ0,knn,0.646078612579564,2.141953257172819
P26043,knn,1.649550119832786,2.851059431333183
A2A5Y6,mice_elastic,,
Q3TRJ1,knn,0.581618728852844,1.9738979913922345
Q9DCW4,mice_elastic,0.5090825722706463,0.3863158280313399
Q3TGU7,knn,1.5125811593292828,1.658081232637672
H3BJP2,mice_elastic,,
Q9D037,mice_elastic,,
Q9QUM9,mice_elastic,,
Q5SWR1,mice_elastic,0.9068805830456863,0.039874760216264134
Q61553,knn,0.3329641448235364,0.6905034393670445
P60824,mice_elastic,,
Q9EQF6,knn,0.04714217032006516,0.9168981070753576
Q9DB05,knn,1.195836503811906,2.0387665533221733
Q148R9,mice_elastic,,
Q8C1T5,mice_elastic,1.7828653865782402,1.2515485335965422
Q2UZW7,mice_elastic,,
Q80VD1,knn,0.8439622630464525,1.8766442925428342
Q8BMK4,knn,1.2602046597817687,2.637826755357974
A0A1D5RLN6,knn,0.35006990844165614,0.6861169553365943
Q7TQI3,mice_elastic,0.9043367829661089,0.22352653536923658
Q5DQJ3,mice_elastic,0.5099365613566677,0.34467767160698765
Q8C0C7,mice_elastic,,
Q9DCS9,mice_elastic,0.7630126856636856,0.7107337676299703
Q9Z1P6,mice_elastic,1.8827455603748753,1.1368433280956642
Q3TML0,knn,1.2707383276969093,1.5566626584729866
S4R1P5,mice_elastic,,
B2RRX2,mice_elastic,,
Q9CZX8,knn,1.9321741221034259,2.02365142619933
Q80X80,mice_elastic,,
Q3TSX8,mice_elastic,,
Q3U518,mice_elastic,0.36034064157261836,0.1823461415665675
Q9CRB9,mice_elastic,1.2819994379651911,1.0481130846059015
Q3TYE5,knn,0.9672260776864512,1.7337762697273342
P08752,knn,1.2186597976095044,1.4177404848076538
Q4FK88,knn,0.6666438082891409,1.1920373874049797
Q9Z2Q6,mice_elastic,1.1759769033168141,0.7450528699944169
Q1HL32,knn,0.9325289168875793,1.2010233155958832
Q3U1J4,mice_elastic,1.5124715300253968,1.357167343652819
A0A1L1SUX8,knn,1.1062805288808581,1.7049554392750759
G5E866,mice_elastic,,
B2RXM7,mice_elastic,,
Q8CAJ7,mice_elastic,1.733513196993316,1.567857355714739
Q3U9V4,knn,0.15721404826578822,0.4560461193458148
Q61768,mice_elastic,,
Q3TJG6,mice_elastic,0.6395199731385434,0.1044940413409356
H7BWX9,mice_elastic,,
Q9Z273,knn,1.367400376405218,1.4353577469476488
Q99LC3,knn,0.23269010393656114,0.8110288821107806
Q9R1R8,knn,0.09628518264779513,0.30250384803424896
P17426,knn,0.9170645060377618,1.4701034434796647
Q8BFZ9,knn,0.9777294107803606,2.024677347517833
A2A7S7,knn,2.267804370427481,4.129218919315934
Q9ERK4,mice_elastic,,
Q99LC5,knn,0.8276233150419383,1.1650289095145645
Q3UVN5,knn,0.573732063046677,1.072240315981177
Q58EU3,mice_elastic,,
Q3UXI9,mice_elastic,,
Q9ES97,mice_elastic,0.22709951419822097,0.051673637675658496
Q9R0Y5,knn,0.21994310996585775,0.2304622612977288
Q3ULF7,knn,0.6448493507208416,1.9826946194215769
Q5SUR0,knn,2.1668006092129892,3.650737879640774
Q9Z1X4,mice_elastic,0.7561698257854066,0.6705131283371926
Q9ERS2,mice_elastic,,
Q3TS44,mice_elastic,,
P63330,knn,2.403860733436121,4.722506786414162
Q49S98,knn,0.5541687396875067,0.7786227027593817
Q5SUT0,mice_elastic,1.0653070636881077,1.041656345553945
Q3TIG8,knn,1.9473031099327962,2.3625655528013723
Q5ND42,mice_elastic,,
Q9R1T2,mice_elastic,,
Q5DTI2,knn,0.9951406505255777,2.962273134518033
Q9WVJ5,mice_elastic,,
Q9CU62,mice_elastic,0.6580530587457432,0.5048765066295359
A2BE93,mice_elastic,,
Q0QEZ4,mice_elastic,1.8924878951402964,0.8773389343702634
Q91XH5,mice_elastic,,
Q61033,knn,2.0408300206609344,4.465308974387882
P50544,knn,1.025038719828951,3.5761163362042843
Q540D7,mice_elastic,,
Q3UJB0,knn,0.39208144301122094,0.8294292921611289
Q3TWG5,mice_elastic,,
Q6P4T2,knn,1.0764963499794054,1.215890227547333
Q8BM84,mice_elastic,1.35970937064759,0.17994026118252734
Q8C483,knn,0.39958516693496254,1.3165659107279628
O35841,mice_elastic,,
A0A0R3P9C8,knn,0.7982297767474347,2.415959453517423
Q9D517,knn,1.1690973453404183,1.5050238029825136
P19096,knn,0.9734742766403794,1.6900539565345665
P56391,mice_elastic,,
Q9CY58,knn,0.29642315001746555,0.9030001388848069
Q561N5,mice_elastic,,
Q8BME2,mice_elastic,0.9047413658141489,0.7914715719026084
Q8R1W8,mice_elastic,,
Q542H2,mice_elastic,0.6735734349811487,0.0032244915660829027
P62137,mice_elastic,1.120169963211419,0.5964361259192447
Q545E6,mice_elastic,1.1269600219208458,0.8538476374307826
Q8JZS0,knn,0.6460678227068336,0.7966206122541916
Q14C38,mice_elastic,1.336513864010431,0.6816193509033937
Q4VAE6,knn,0.1744864388397059,0.22406746217218612
Q91Z31,mice_elastic,,
D3YZ62,knn,0.8816894666653687,1.1309511144479674
Q6PCX2,knn,1.9363754640405064,2.874105331014534
P58774,knn,0.6194213208077445,1.3978532894795175
Q8BZ98,knn,1.9334430322106249,2.7467855078803853
Q99PV0,mice_elastic,,
Q9CQB4,mice_elastic,0.5310686049986677,0.37334570484705093
P62631,mice_elastic,,
P57722,knn,1.7361517505179824,2.6305112062022653
P62881,mice_elastic,2.149871356396569,1.9518743000373078
Q3UJH5,knn,0.22857249268115162,0.5141943383390986
Q9DCT2,knn,0.9197274149622621,1.3596196856727634
Q62048,knn,0.6437342053709332,1.845745931361553
Q9D859,knn,1.2745836151188257,2.063018420072228
Q9CPV4,knn,1.1588536314758981,2.03273875568191
Q80TB8,knn,0.20905618564146877,0.4882466992350272
Q14AF6,mice_elastic,,
A0A1B0GRV0,knn,0.4043445025033006,0.6793048438464973
Q543N3,knn,1.6592894690398163,4.447187365347822
Q5YLW3,knn,0.16246796969358918,1.4222389806671458
P04342,knn,0.27703690398989045,0.7432210834092834
P61164,mice_elastic,2.8395604205606353,0.22459381267057257
Q99PT1,knn,0.8228483363190167,2.3380532269519425
Q8BVI4,knn,1.1581088822093815,1.683285305531755
Q8R0A5,knn,1.1371794148049743,1.5450124599506387
Q9D2G2,knn,1.62850845409293,2.2690382511290297
Q3UFJ3,mice_elastic,,
Q9Z2X1,knn,0.5303079574802767,2.2943176433463415
O08539,knn,1.208957462362559,3.31830030802047
P29974,mice_elastic,1.1865327809531274,0.6460301305717158
Q9D051,mice_elastic,,
Q544F6,mice_elastic,0.4487576812959114,0.29413431483462965
Q4FJQ0,knn,0.9744196505603996,1.0252764070780562
Q6IRU5,knn,0.9798244565013975,3.3076157218548015
P48774,mice_elastic,0.9823846842258391,0.5854132087311278
S4R2F3,knn,0.09136476504213736,0.8639468280898664
Q9R1Q8,mice_elastic,0.4532846425141958,0.16757899665562567
O08547,knn,1.3732523771750142,2.1424728284071124
P06801,knn,1.0585965659207224,1.3520829758139987
Q569Y6,mice_elastic,0.2960687689542085,0.22965555021625983
Q3TU36,mice_elastic,0.8534725997591773,0.8103264208686526
Q8BGQ7,mice_elastic,,
Q545F8,mice_elastic,,
Q5EBQ0,knn,1.0344742594145442,1.741036918773094
Q00PI9,knn,0.46897069761645377,3.9092489627939933
Q5EBP9,mice_elastic,,
Q5SX53,mice_elastic,0.8271664132601889,0.7564337472527588
Q9D066,mice_elastic,0.6840479761655511,0.14754102008683948
Q8BG39,mice_elastic,1.4104651416641332,0.5976258675771199
P68040,knn,3.8495444601103963,4.256169723768804
Q4KL76,knn,1.4271445066139632,3.096935687814062
P30416,knn,0.9670814629097286,1.2682022270111004
Q923G3,mice_elastic,,
Q91V61,mice_elastic,,
P56135,mice_elastic,1.1284818797151681,0.35703258454002956
D3Z7V3,mice_elastic,0.30481932286598035,0.2183307777268317
A0A0A0MQA5,knn,1.478651548864265,2.3846729860458713
Q5U415,mice_elastic,1.9120133696104085,1.8047911742516567
Q9WVT6,mice_elastic,,
Q91WD5,knn,0.1007183715002534,1.2172900465702292
P13595,mice_elastic,,
Q8BN32,knn,0.16990365444731045,0.8355960461528699
Q3U741,knn,0.8362218604447997,0.8851159587316292
A0A286YDB6,knn,0.263321223579793,0.6804105939902838
Q790Y8,knn,1.1680553516641048,2.930581116605936
Q9WV55,mice_elastic,1.046181583115727,0.27053484214049683
E9PZD8,knn,0.4674432282506534,1.5957226266762108
Q9JKC6,knn,0.6745880026794406,1.0910138908627467
Q8BTU4,knn,1.3992568532809992,2.0686244624843892
P51863,knn,0.5785483651225594,2.0804601868030264
Q4FK36,mice_elastic,,
Q3UC72,mice_elastic,0.9636694730062847,0.35518927310636506
B2CY77,mice_elastic,0.42416791807979515,0.3013345148042671
Q9CR68,knn,0.13465989638891987,0.7384379457449116
P70349,knn,0.9339195914230556,3.2537844854508835
Q8K232,mice_elastic,,
Q3TFE8,mice_elastic,1.420940656894453,0.766890536439443
O35295,mice_elastic,1.3360581966649223,1.1993032036785223
Q3UWX7,mice_elastic,,
Q7TNV0,mice_elastic,2.0445676451193555,1.9909724883707665
Q3V235,knn,1.1559975348487557,1.8285322014129728
P84078,knn,3.0392047700025615,3.45504500906912
A1A4T2,mice_elastic,1.6825346650028634,1.3387172011725155
Q91V28,mice_elastic,,
P03995,knn,0.4763707100599943,1.756052051443307
Q9D6M3,mice_elastic,1.7749264997209193,0.9261215202586843
Q3TPZ5,knn,1.199253606931663,1.957309564837908
P31650,mice_elastic,,
Q3TWV4,knn,0.404580245101948,1.8198697841652633
Q3TA40,mice_elastic,1.362306849837931,0.9822423675552631
Q9D881,mice_elastic,,
Q54AE3,mice_elastic,,
Q91WD9,mice_elastic,,
Q3TKM5,knn,0.47404413221872715,0.8279460853349693
D3YUM1,knn,1.0416596373406735,2.9308437737830717
Q3UM45,mice_elastic,,
P42669,mice_elastic,,
Q60597,knn,0.5407322799847826,1.8198093790771739
P10649,mice_elastic,1.3909985097387936,1.021359400279172
Q8C854,mice_elastic,,
Q9D1A2,knn,1.0494177316474542,1.4112647099674556
P12787,mice_elastic,,
A3RLD4,knn,0.1388838049667322,0.35657690303293293
Q8R429,knn,0.3340214557788369,0.9679064215847478
Q9WV92,mice_elastic,,
Q544Z7,knn,1.0108321522127186,1.2358507551070663
P97807,mice_elastic,,
Q8C5Q5,knn,1.616484731611108,1.869022031093111
E1AZ71,knn,0.8585131856143553,1.4738514434639585
P10852,knn,2.0333015743264333,2.3905901451823084
Q3UH59,knn,2.125528126206701,3.9982363387477955
Q3V299,mice_elastic,2.2599795093600488,0.2048348584911569
P48678,knn,0.7713546835361805,1.002507816551097
P67778,knn,1.1741789554463957,1.8183587908554262
A2A841,mice_elastic,1.7912123843698196,1.0772762459843834
Q5U438,knn,0.27498582047009185,0.7855122033807966
Q3U8D2,knn,0.022643338599279767,0.6347279195811869
Q9WV34,mice_elastic,,
Q8K183,mice_elastic,0.2363535370883705,0.13016400369448788
Q78ZJ8,mice_elastic,1.9304096572298777,1.14067114314418
Q9CX86,mice_elastic,,
Q5ICG4,knn,0.6934479229514473,1.5076026964135734
Q9D0M3,mice_elastic,2.359782167762754,2.343974679201735
Q4FZK2,mice_elastic,,
Q544R5,knn,3.317762912166667,3.7963567611971913
P24527,mice_elastic,,
Q50HX4,mice_elastic,,
Q5HZY7,knn,0.14801151365081958,0.516778932869362
Q8BFR5,knn,1.0110369605713039,2.3216511129482105
Q99LF4,knn,0.7079262957553368,0.7973738977831661
Q548W7,mice_elastic,,
Q9JJU9,mice_elastic,0.4198595380269135,0.3466858988230353
Q4FJL2,mice_elastic,1.4427106339630706,1.362208851779794
Q3UNI8,knn,0.964738787550439,0.9926662262133932
Q501J2,knn,0.36537785341649776,1.1811218815030393
B1AWE0,mice_elastic,0.9950614296114979,0.3528332357019862
Q543P7,mice_elastic,,
E9Q3M3,mice_elastic,,
P11983,mice_elastic,,
P20357,knn,1.6919711559345156,2.5221582296948246
P84244,knn,0.29264845254333527,0.5688054163846605
D3Z7P3,knn,1.2130397808584195,1.3979663290663276
Q91VR5,mice_elastic,,
Q8R1B5,mice_elastic,,
Q99L13,knn,0.0230719997558121,0.4870620671370118
Q8R480,knn,1.055409940145502,1.5603107572466057
Q564F3,knn,0.8986021481786607,2.413704884826112
Q99JF8,knn,0.5034588955299459,0.7030484953248065
P60904,knn,0.05149859159901601,1.2478240880157845
Q66JR8,mice_elastic,,
Q5SZA3,knn,0.28594522116292354,0.2972796511762089
Q8C671,knn,0.480047700230991,0.5113941660862659
B2RXY7,knn,1.210247560245152,2.5604892042294907
Q3V3U0,mice_elastic,2.204615680009618,1.9139209912568194
Q9WV02,mice_elastic,,
O88935,knn,0.11968558755186855,0.3442323906730006
Q8VHM5,mice_elastic,1.588326528027965,1.0611086502004488
Q8K2B3,knn,0.3137193564867598,0.4349349685374295
Q9Z1G3,mice_elastic,,
Q3TJY2,knn,0.9189875862327469,2.1833017148699145
Q8QZT1,knn,1.3322431261054253,1.3521141432089008
Q8C2E6,knn,0.08054187473339072,0.8603064773809558
A0A0G2JEG8,knn,2.5085500095253273,3.439928515314704
A2RTT4,knn,1.2448049586669818,1.7917327258952227
Q3U781,knn,0.7570940733251418,2.4054350848039596
Q9R0P9,mice_elastic,,
A0A0A6YX18,knn,0.4634536644830636,1.8366176966724044
Q8BYK4,mice_elastic,,
E9Q1G8,mice_elastic,,
Q91WS0,knn,0.7183403291289426,1.0139416252721412
B2M1R7,mice_elastic,,
Q1WIL9,knn,0.4247222228378445,1.7492956637962203
Q9JIS5,mice_elastic,,
Q9ERD7,knn,3.700568801066356,3.7059102034595215
Q9QYG0,mice_elastic,,
Q3UPY3,knn,0.42822618738526375,0.7376952483895332
Q4FZL1,knn,2.6012823281760995,2.631704590245616
Q544Z3,knn,0.3211982738526756,0.5273013799592758
Q8CD23,knn,1.4835105000996438,1.9423456967193868
Q3UUR0,knn,1.2346692808004043,1.4649176633440848
Q8K1M3,knn,1.271979640413182,1.3488309238274057
Q9D6F9,knn,0.7140375563160934,1.3057204040520227
Q3UPX0,mice_elastic,,
E9QNN1,knn,3.289367161015939,4.984052321676883
J3QNU6,mice_elastic,1.7858454648384468,1.126770563358275
A0A1L1SV25,knn,0.9723761269780788,1.0011184055270275
Q9CZC8,knn,1.3128990477044598,2.1700090414005437
Q9QZ83,mice_elastic,,
Q9JJV1,mice_elastic,,
Q3U6P5,knn,2.041917741372116,3.0014788659202485
A3KGL9,knn,1.702301484165833,2.8461548575922064
Q6P1J1,knn,1.0918958580463707,1.6517756737253715
Q5HZJ8,mice_elastic,,
Q8CFQ9,knn,0.2026630282543757,1.1518247578598655
Q11011,knn,0.5281785203240122,1.6649982105914203
Q80TJ1,knn,2.0170241510902724,3.2703657217419
Q9DCZ0,knn,0.31066365996058737,2.8129050977864987
Q4FK11,knn,1.9249031294686778,3.8283949971096374
Q52KG9,mice_elastic,0.2206125982974293,0.028080013996713334
E9Q7S0,mice_elastic,0.7115878557807733,0.4217351491095302
P28663,knn,1.217180025743473,1.6630788642028003
O35600,knn,1.1662632886852822,2.2757932375917873
Q3TMU8,knn,1.1636125756703697,1.911947955104294
Q8C7W8,mice_elastic,1.5995232777098034,0.43465805249505785
P24549,knn,0.30353411518162987,0.9164112959149219
P52785,mice_elastic,1.002891315827023,0.27888735922645524
Q564F4,mice_elastic,1.1090927179427528,0.25083491777335015
Q8CC13,mice_elastic,0.8228063718056696,0.6343848439287372
Q542R6,mice_elastic,0.6932055328251965,0.3688298856028297
P21619,mice_elastic,,
A2ALV3,knn,2.1672530542955526,2.9771368388888204
D3Z134,knn,0.716414865457038,0.8041967303410517
Q4FJX9,mice_elastic,,
P80316,mice_elastic,,
A0A0N4SVQ1,mice_elastic,,
Q3THB3,knn,0.25740982283055946,0.4037081192393029
Q8BMF4,mice_elastic,1.5373332279568583,1.436559016491184
Q3UWS9,mice_elastic,2.96261614578867,2.526080180046619
Q5EBI8,knn,1.8557034878780325,2.239786238449112
Q99LD8,mice_elastic,1.5781541063151505,1.0725696897727837
P68510,knn,0.2542461264066363,1.4926221397382875
Q6NXX6,mice_elastic,,
O08749,mice_elastic,1.5507831414726612,1.3495970107532669
Q6PEE6,knn,0.5143544020741361,1.6243610144880187
Q3U0V1,knn,0.6609361801533826,1.6316727525123869
Q91VA7,mice_elastic,0.7244542922110487,0.7148429234907446
Q564G0,knn,1.9960831860759711,4.625878090993799
P26443,knn,0.06277201299000226,1.1591533709831838
P51859,mice_elastic,,
Q542P2,knn,0.5346277397419883,1.236960148593564
A2RSV8,knn,0.10985093041348114,0.3776754114908662
H7BX95,knn,0.8224061762884207,2.268390028528914
Q61548,knn,0.4656999510506077,1.6264136944395062
G3UZM4,mice_elastic,,
E9PZF0,knn,0.6336861806017601,1.2523852819364996
O08528,knn,0.9405730972816263,0.9972080855890448
Q3U2J2,mice_elastic,1.6084731579223928,0.20682182577412025
Q9Z1N5,mice_elastic,2.0956142997512277,2.0914420250585835
E9Q1T1,knn,1.7384419288823867,3.2745848831766553
Q7JCZ1,knn,0.363707170629384,0.6347246389290424
Q9CPQ1,knn,0.19302871206738537,0.7127561375982708
Q3UCC6,mice_elastic,2.435752449209218,2.1403467561342038
Q91VD9,mice_elastic,0.896421893866663,0.11961059221438358
Q0PD54,mice_elastic,0.41752697251295,0.2663340910229451
Q99KF5,knn,1.555299447375795,1.5963927648555536
O70456,knn,0.1713253898055008,0.19738969767921627
Q9CWS0,mice_elastic,1.2622457870924306,1.2050321835702822
Q7TSJ2,mice_elastic,0.865615236617141,0.44008393212529395
Q3U2G2,mice_elastic,1.2798547336967825,0.385729798742813
Q3U4U6,knn,0.7667712323504094,1.638696973211545
P23440,mice_elastic,,
Q3UL22,knn,0.3984983621952625,1.0403258602704037
P61922,mice_elastic,1.2275397172170832,0.6069109082418211
Q3TWE3,knn,0.7639664035538394,0.821229315427349
P38647,knn,0.26376615271740256,0.4438659712532462
Q542X7,knn,0.04794287022166358,0.6388073073088574
Q8C153,knn,0.08545518380029413,0.1669709720868039
Q80WM3,knn,0.008299787455367502,0.8231249523095588
P26645,mice_elastic,,
Q0PD63,mice_elastic,,
Q56A15,mice_elastic,,
Q6ZQ38,knn,0.6408560711033157,1.8059587536045116
Q8BH59,knn,0.23857063937830744,0.4456229345298494
P48036,mice_elastic,2.6737712284897204,1.7814656996627902
Q62277,knn,0.13841709994964957,0.4981098865714923
Q5RJV4,knn,1.168681123841596,3.539210074598858
Q3UB66,knn,0.4284852432469664,0.8027915049602566
Q5SX40,mice_elastic,0.9958112886525643,0.43365200249373614
A5GZX3,mice_elastic,1.6041580189882334,1.5128539184595262
Q8CAQ8,knn,0.12306147226867994,1.2459054059918981
Q91ZZ3,mice_elastic,1.6665289532859897,1.4902209764407632
Q99P72,mice_elastic,,
Q9WUB3,mice_elastic,,
Q3TF14,mice_elastic,,
Q08331,mice_elastic,1.8891242193650324,1.4895461528741127
Q5I0W0,mice_elastic,0.5498711630280899,0.3127497160591314
Q60930,knn,1.855701671469638,4.236589148227022
Q811L7,knn,0.8581252404538863,1.6201911185209408
P48722,mice_elastic,0.26002269348622314,0.05844316148062329
Q3THQ5,mice_elastic,1.0355460157609344,0.9613746285750736
Q3V117,knn,1.7197503681886557,2.0898691472866555
P60335,knn,0.9164496739314407,1.9574264539596775
Q4FK49,knn,0.17188564283643118,0.885669738551766
Q91V38,mice_elastic,,
G5E924,mice_elastic,1.8122060804967877,1.2185270668977504
F7DEU6,mice_elastic,,
Q3TX26,mice_elastic,,
Q543Y7,knn,0.02001386780788542,0.381141942772962
Q9QXC6,mice_elastic,0.9478465571576004,0.6974601962637047
P19157,mice_elastic,1.8530643343559405,0.9210974293283299
Q8C2Q8,knn,1.0263020980028694,1.9254139747014805
Q9DB77,knn,0.8423442691218456,1.198558523551149
Q8BTS0,knn,0.3121904176258402,0.7132017703110799
Q9DCX2,mice_elastic,1.4484484851060802,0.8468739149988876
P27546,mice_elastic,,
P35700,mice_elastic,,
Q545N7,knn,0.3841015398703611,1.2963337453274408
Q5BL18,mice_elastic,,
P18572,knn,1.0037189181902664,1.2689647203825025
Q544Y7,mice_elastic,,
A3KML3,knn,0.5190278485649772,2.1879178557070844
P50518,mice_elastic,,
Q545F0,knn,0.7770528345877434,1.750199815175306
Q8C605,mice_elastic,,
G5E829,mice_elastic,,
B2MWM9,knn,1.8372055245092869,2.247747130756242
Q3U9G2,knn,0.5067712339607022,0.5961066572221381
Q5SUC3,knn,0.7167373577147974,1.038575277338314
Q8VDN2,knn,1.7360972350004178,2.0381768524492085
Q8VIJ6,knn,0.4715690996133101,1.6313293491835996
P27773,mice_elastic,1.5501690994784343,1.1223889165692773
Q76MZ3,mice_elastic,0.4801957168364657,0.4431954274838815
Q3U7F3,mice_elastic,,
Q5XG69,mice_elastic,0.45447485002275523,0.34116548513516
A0A076FRG6,mice_elastic,1.7598265690122814,1.05890022659393
Q3ULW0,mice_elastic,1.3405448292496618,1.0979996130982366
Q3TIC8,mice_elastic,0.8573933352779939,0.20224011861447772
P17879,knn,0.0652963084737126,0.28933961886958726
P12382,knn,0.1404349860914658,1.6752588586246404
Q545P0,knn,0.1157506371679945,2.279374719974195
A8IP69,knn,0.8838585282567952,1.0924387970916776
Q99LX0,mice_elastic,,
Q9D6R2,knn,1.2605759228007942,1.279311119571415
Q8CAN1,mice_elastic,,
P61264,mice_elastic,,
A0A0R4J0H3,knn,0.17573096285873196,1.6001834496257927
P50396,knn,0.23357266962510995,1.157360531501781
P08228,knn,1.2182085015672037,1.5519841574063689
Q3U6E4,knn,0.5914010534988418,0.6045699169919765
Q3UR55,knn,1.379107959843621,2.936998061306069
Q9DB20,knn,0.8763661545174979,2.70934092310861
P68369,mice_elastic,,
Q3UV17,mice_elastic,0.6475220474363067,0.5507262889067471
B1AU64,knn,0.15073392936797567,0.6217225045209879
Q60668,knn,0.8478623248519847,1.4335165788678712
G3X905,mice_elastic,,
Q71LX8,mice_elastic,,
Q3THU8,mice_elastic,1.4529995621744771,0.8770038719615978
Q3U566,mice_elastic,,
P32958,mice_elastic,0.9428466383525091,0.4227512974574142
P63038,knn,1.0191844324981996,1.3040451069633012
Q545A2,knn,0.31772123743426817,0.9149465089544888
A0A1S6GWG6,mice_elastic,1.472049385184119,0.6665949564663569
A0A0J9YUN4,knn,1.946491754259306,2.9619184046123435
Q9CZU6,mice_elastic,0.3553561394563004,0.09140275525752316
P16125,mice_elastic,1.0444327205812614,0.5800145608243801
A2A5N2,knn,0.7486636334327607,1.6915233549958986
Q14A47,knn,0.8346838232974529,2.0068012005145195
Q546G4,mice_elastic,,
Q8CHR4,knn,1.1231061191004228,3.479171986376828
Q545V3,knn,1.4746891073614474,1.567544252289271
P14873,knn,0.3907701074388984,0.7297641245310761
Q5EBQ2,mice_elastic,,
B2RWH3,knn,0.7277762294371567,0.925361236571227
Q2TB46,mice_elastic,,
Q6GT24,knn,1.231022998619062,1.3437239694096446
Q3TPT3,mice_elastic,,
O35381,mice_elastic,0.7945850090734093,0.4587632630937967
Q01853,mice_elastic,,
P60879,mice_elastic,,
Q6P6I7,mice_elastic,,
Q61171,knn,1.1356427003085137,1.2305156486313795
A0A1B0GR11,knn,1.7078515956730396,2.216840417670621
P0DP28,knn,0.4682762001402998,0.5637823580113632
P50516,mice_elastic,,
B9EHN0,mice_elastic,0.9912678671725967,0.27606965743045964
P05063,knn,1.2623866298585307,2.3941445348104335
Q58EV5,mice_elastic,,
Q3ULH5,mice_elastic,0.2392408445429186,0.17865851370493388
Q8CJ40,mice_elastic,,
P99024,mice_elastic,,
Q91XV3,knn,0.2506263400782496,0.5925137274552708
Q3UWK3,knn,0.8288615645553291,1.4134594373547202
Q9JHU4,knn,1.5508879223846996,1.5997688786859627
E9PWE8,mice_elastic,0.7968716378596873,0.51547818414566
Q642L7,knn,3.441164856200854,5.467994124438795
Q52L78,mice_elastic,,
Q62261,mice_elastic,1.5472449522301532,1.4006532565269536
Q543S2,mice_elastic,,
Q6GQU1,knn,1.419421390137613,1.7881736501983359
Q99KI0,mice_elastic,,
Q8K0A8,knn,0.24191446311609366,0.39157883136573934
B2RTM0,mice_elastic,1.0528374414862414,0.7603404886063985
Q58E64,knn,0.4097581217578787,0.5316192494915245
P46460,knn,1.2980219849187424,1.3718101650841774
Q61012,knn,1.4926478399514091,3.226361665613359
Q544Y3,mice_elastic,0.6987165641301587,0.13413793248215364
Q91VB8,mice_elastic,,
B2M1R6,mice_elastic,,
A0A0A6YY91,knn,0.07799439501855777,1.6552915545891687
P05202,mice_elastic,,
Q60932,knn,0.6865732664329391,2.90056772835867
Q7TMM9,knn,0.498423859096525,0.5696800135462363
A3KGU9,knn,1.7106632684460505,2.1310623431191176
Q6ZWY9,knn,0.19383554301523503,0.2113943386005806
P14733,mice_elastic,2.387463340691913,1.4066304038505093
Q9QW08,mice_elastic,0.9722420251590357,0.7599274281123234
Q5SS40,knn,0.9419979788093368,3.0537941803584214
P40142,knn,0.3345167406106598,0.41345258618032077
O08599,mice_elastic,,
Q5SXR6,knn,0.48988694216835854,0.6056209666485165
P14152,mice_elastic,0.22930047762424852,0.19335600796376334
O88569,knn,0.30008374602340737,0.6935171248950266
P05201,knn,0.5212055576398197,1.1698537941932678
O70318,mice_elastic,3.0468193945918993,2.0920139117114656
P00920,mice_elastic,,
O08553,mice_elastic,,
P06745,knn,0.7940443524909144,1.2231250923842187
Q5SVY2,knn,1.8376388736624605,5.559474016146097
P62696,mice_elastic,0.9609910427323666,0.9100973556129778
A8DUK4,mice_elastic,,
P08249,knn,0.21217964628577818,1.5812364571490263
Q4KL81,mice_elastic,,
Q569M7,knn,0.7718611617353293,0.8925107515002577
Q80Y52,mice_elastic,,
P63101,knn,0.12534274441132875,0.7726703702990029
Q3TEK2,mice_elastic,1.8033301098786954,1.121858647555644
P48962,mice_elastic,1.2023215530632962,0.8050527602798828
Q5FWJ3,knn,1.1492586331591828,1.8431143819054667
P15409,knn,0.4016017086350227,1.1926659419328132
Q03265,knn,0.3985142530261041,0.6794803478569738
Q3U7Z6,mice_elastic,,
A0A0G2JGX4,mice_elastic,2.279964006276346,1.260424622292474
P56480,knn,0.7356047597838393,1.9783581798548227
P09411,mice_elastic,1.5970048800261143,1.5192187267301838
P15105,mice_elastic,,
Q5FWB7,knn,0.18599320267794883,0.21930402178791492
Q04447,mice_elastic,1.017960854320423,0.8773876183677636
P20612,mice_elastic,0.08626817389946868,0.06523796372885467
Q9CXK3,knn,0.6900937817744187,1.5618439166405305
P17751,knn,0.758809671824984,1.544757492502489
Q564E2,knn,0.7331103582504795,1.662801316277571
P68372,knn,2.106956505718694,3.223039198212671
Q3TQ70,mice_elastic,0.790936161523749,0.6127984481051236
P05213,mice_elastic,,
Q3UPX6,mice_elastic,0.5370090360257036,0.4258752099914207
P52480,knn,0.996054351922968,2.011213101841855
Q5FW97,mice_elastic,,
D2KHZ9,knn,0.6051350728264716,0.9271085251456967
Density_EC_tunel,mice_elastic,0.8935976966674272,0.01934750163697341
Density_tunel,mice_elastic,,
Total_Area_tunel,knn,0.28384146466977717,0.47737849967120105
Total_tunel,mice_elastic,0.5779107667030267,0.4082666571541253
Total_EC_tunel,mice_elastic,,
denEC_hne,knn,0.8165710706437157,1.4875442243459276
dentotal_hne,knn,0.5124954101430849,0.5268108417135212
sunarea_hne,mice_elastic,,
sumcount_hne,knn,0.2989709792091731,0.5153095514992861
sumEC_hne,mice_elastic,0.5189994278333749,0.30348513499216184
ENSMUSG00000110357,knn,0.3980917859527693,0.46589099489276553
ENSMUSG00000107195,mice_elastic,1.2071088342335707,0.749530050654111
ENSMUSG00000106147,mice_elastic,,
ENSMUSG00000097180,mice_elastic,1.315793318719621,1.0559473491784293
ENSMUSG00000097061,mice_elastic,1.3207549576985853,0.8670614544202523
ENSMUSG00000084408,mice_elastic,,
ENSMUSG00000073879,knn,2.420975516405059,2.7277466212089214
ENSMUSG00000070822,mice_elastic,0.7173277189928511,0.1742697292789715
ENSMUSG00000068394,mice_elastic,1.2114487294755367,1.1254183304333962
ENSMUSG00000068250,knn,0.48604566595767645,0.5566111088544885
ENSMUSG00000052373,knn,0.475996739942515,0.5583554372418941
ENSMUSG00000050538,knn,0.814270660726177,1.8872795905886512
ENSMUSG00000045318,knn,0.9328980322627962,1.1398131674119305
ENSMUSG00000042190,knn,0.031381276223783845,0.45498277363143647
ENSMUSG00000041685,knn,0.6899868094238174,0.7355957668679632
ENSMUSG00000039994,mice_elastic,,
ENSMUSG00000036636,mice_elastic,0.7779715667632877,0.6229622222351857
ENSMUSG00000029499,mice_elastic,0.8330568255096368,0.11870374820147751
ENSMUSG00000028423,mice_elastic,,
ENSMUSG00000028184,mice_elastic,1.5060765077320153,1.2667792430261102
ENSMUSG00000026768,knn,0.2512043121087689,1.1195103311460872
ENSMUSG00000025484,knn,0.33586103575375653,1.4051056880676873
ENSMUSG00000023484,knn,0.4442969251722288,1.1272303162521538
ENSMUSG00000021712,knn,0.8191165627197632,1.6860125076020758
ENSMUSG00000021432,mice_elastic,,
ENSMUSG00000021185,mice_elastic,1.3554847214178571,1.0506875773697366
ENSMUSG00000033066,knn,0.7759069102201701,1.6757964852407585
ENSMUSG00000030067,mice_elastic,0.8123607614808901,0.4478389359822554
ENSMUSG00000019990,knn,0.7284122028816687,0.7294725443712693
ENSMUSG00000052428,knn,0.20877558255870218,0.23543570234076142
ENSMUSG00000038740,mice_elastic,0.5785014474554493,0.5419880945835104
ENSMUSG00000043760,mice_elastic,0.888899051986718,0.7579814054368025
ENSMUSG00000008658,knn,0.21461488672391618,0.5018947305857334
ENSMUSG00000029819,mice_elastic,,
ENSMUSG00000028970,mice_elastic,0.9075171723425823,0.7925322702613968
ENSMUSG00000030787,mice_elastic,1.9526630731925645,1.5636934063685761
ENSMUSG00000079436,mice_elastic,,
ENSMUSG00000005089,knn,0.05741770460293402,2.1892190498010926
ENSMUSG00000027314,knn,0.8734531969350078,1.1545458788056757
ENSMUSG00000023224,mice_elastic,0.6207716884060643,0.32574868797608375
ENSMUSG00000024620,knn,0.13673641827076188,0.8912201175487897
ENSMUSG00000029231,knn,1.2237400319071754,1.5853410190258435
ENSMUSG00000045659,mice_elastic,,
ENSMUSG00000024140,knn,0.5401485005759906,1.185456889883679
ENSMUSG00000030761,mice_elastic,,
ENSMUSG00000021109,mice_elastic,1.1316123060987158,1.0304160454276756
ENSMUSG00000035799,mice_elastic,0.3467503076857745,0.17823366526317774
ENSMUSG00000019820,knn,0.593729548501145,0.6962000651893767
ENSMUSG00000006205,knn,0.9766742385651471,1.2389330374494607
ENSMUSG00000017716,mice_elastic,,
ENSMUSG00000020467,knn,0.5262527186482316,0.7680042949276722
ENSMUSG00000060126,mice_elastic,0.8940774268862122,0.7599514266308454
ENSMUSG00000024164,mice_elastic,,
ENSMUSG00000045103,knn,0.11506953950959828,1.2139096080353384
ENSMUSG00000032092,knn,1.1524224026652172,1.2258246608640073
ENSMUSG00000022899,mice_elastic,1.6988466580597426,1.5691422395351253
ENSMUSG00000050272,mice_elastic,0.5133121422478355,0.16910913643560713
ENSMUSG00000000214,knn,0.4915555666453984,1.8798272842948482
ENSMUSG00000070509,knn,1.2605802481578618,1.651779587886483
ENSMUSG00000030934,mice_elastic,,
ENSMUSG00000017950,mice_elastic,1.1185676661885653,0.15227846960474756
ENSMUSG00000014158,mice_elastic,1.47576686181879,1.2471566430067915
ENSMUSG00000005360,knn,0.7564834548656248,0.8260780100157077
ENSMUSG00000055320,knn,0.6202059221954782,0.6736571296653203
ENSMUSG00000064345,mice_elastic,1.2084800814695293,1.0123587165596888
ENSMUSG00000059552,knn,0.317489777829442,0.623641714157741
ENSMUSG00000000902,knn,0.5345685173278573,0.7394349060029027
ENSMUSG00000031639,mice_elastic,,
ENSMUSG00000061808,knn,0.2785837293601028,1.128160991269031
ENSMUSG00000027239,mice_elastic,2.7677576106129567,2.0122506688423027
ENSMUSG00000020932,knn,2.0722460945967676,2.2327468346858232
ENSMUSG00000004655,knn,0.07657468238757925,0.6621159793707796
ENSMUSG00000015452,knn,1.1655252679227186,1.758047580714232
ENSMUSG00000031075,knn,0.5666573146153029,1.367158883146342
ENSMUSG00000023088,knn,1.2687138793269013,1.8364802128175473
ENSMUSG00000032135,mice_elastic,0.13878007749654347,0.053059289797697765
ENSMUSG00000070473,knn,0.383763922618679,1.9250419186885932
Average HNE Fluorescent Intensity_pna,mice_elastic,,
density_pna,mice_elastic,,
totct_pna,knn,1.2463407850764012,1.492267233315609
totarea_pna,mice_elastic,0.7741248914047768,0.7269081028655657
Average_zo1,mice_elastic,0.5534234725947512,0.4445074001159181
Average_pecam,mice_elastic,0.303502037225338,0.043696321541537374
